Rank,Player,Real time,In-game time,Version,Difficulty,F3,Mods,Date
1st,Couriway,14m 39s 520ms,14m 36s 500ms,1.16.1,Normal,F3,JellySquid,2 months ago
2nd,Korbanoes,15m 12s 970ms,14m 56s 800ms,1.16.1,Normal,F3,Vanilla,3 months ago
3rd,Dowsky,15m 51s 040ms,15m 44s 100ms,1.16.1,Easy,F3,JellySquid,4 weeks ago
4th,zylenox,16m 01s 020ms,15m 54s 283ms,1.16.1,Easy,F3,JellySquid,1 week ago
5th,Dylqn,17m 02s,16m 41s,1.16.1,Easy,F3,JellySquid,1 month ago
6th,Dimeax,17m 29s 001ms,17m 26s,1.16.1,Easy,F3,Vanilla,3 months ago
7th,Feinberg,18m 44s 590ms,17m 31s 950ms,1.16.1,Easy,F3,JellySquid,2 months ago
8th,ninjabrain1,18m 03s 990ms,17m 33s 850ms,1.16.1,Easy,F3,JellySquid,1 month ago
9th,pluginL,17m 40s 840ms,17m 37s 800ms,1.16.1,Easy,F3,JellySquid,1 month ago
10th,Dav1E,17m 58s 089ms,17m 38s 020ms,1.16.1,Easy,F3,JellySquid,3 weeks ago
11th,Maljack,17m 47s 009ms,17m 40s 065ms,1.16.1,Easy,F3,JellySquid,1 month ago
12th,NiceTwice,17m 47s,17m 47s 950ms,1.16.1,Normal,F3,JellySquid,1 month ago
13th,Hamazon,19m 00s 970ms,18m 34s 400ms,1.16.1,Normal,F3,JellySquid,1 month ago
14th,VenfyTheKiller,18m 49s 540ms,18m 38s 600ms,1.16.1,Normal,F3,JellySquid,1 month ago
15th,nerdi,19m 00s 040ms,18m 39s 200ms,1.16.1,Normal,F3,Vanilla,1 month ago
16th,k4yfour,19m 09s 660ms,18m 40s 250ms,1.16.1,Easy,F3,JellySquid,2 weeks ago
17th,TheBlazer97,18m 44s 600ms,18m 40s 300ms,1.16.1,Normal,F3,Vanilla,1 month ago
18th,realbenex,18m 50s 620ms,18m 46s 850ms,1.16.1,Normal,F3,Vanilla,2 months ago
19th,hary0tt,19m 13s 320ms,18m 56s 100ms,1.16.1,Easy,F3,JellySquid,1 month ago
20th,KiRyuKoe,19m 15s 760ms,19m 15s 150ms,1.16.1,Hardcore,F3,JellySquid,2 weeks ago
21st,Illumina,19m 16s,19m 16s 450ms,1.16.1,Normal,No F3,Vanilla,3 months ago
22nd,MathoX,19m 24s 010ms,19m 21s 170ms,1.16.1,Normal,No F3,JellySquid,1 month ago
23rd,Funderful_TV,19m 26s 470ms,19m 21s 750ms,1.16.1,Easy,F3,Vanilla,1 month ago
24th,Vadikus007,19m 35s 540ms,19m 33s 070ms,1.16.1,Normal,F3,Vanilla,2 months ago
25th,TheeSizzler,19m 42s 700ms,19m 41s 533ms,1.16.1,Normal,F3,Vanilla,5 months ago
26th,Boscarvidios,19m 42s 730ms,19m 42s 730ms,1.16.1,Easy,F3,JellySquid,1 month ago
27th,GetOutaHere,20m 08s 638ms,19m 46s,1.16.1,Normal,F3,JellySquid,1 month ago
28th,jojoe77777,20m 36s 040ms,19m 55s 100ms,1.16.1,Easy,F3,JellySquid,1 month ago
29th,Fulham,21m 28s 910ms,19m 57s 900ms,1.16.1,Normal,F3,JellySquid,1 month ago
30th,Eliborate,20m 00s 026ms,19m 59s 600ms,1.16.1,Easy,F3,JellySquid,1 month ago
31st,Colooguy,21m 08s 900ms,20m 16s 300ms,1.16.1,Normal,F3,JellySquid,3 weeks ago
32nd,Cube1337x,20m 28s 280ms,20m 24s 250ms,1.16.1,Normal,F3,JellySquid,2 months ago
33rd,blackmagic556,20m 27s 500ms,20m 26s 500ms,1.16.1,Normal,F3,Vanilla,2 months ago
34th,JuliusTheTinyDog,20m 35s,20m 32s,1.16.1,Normal,F3,Vanilla,3 months ago
35th,Bubbawid,20m 54s 367ms,20m 44s 700ms,1.16.1,Easy,F3,JellySquid,2 weeks ago
36th,Howwyl,20m 56s 290ms,20m 45s 850ms,1.16.1,Easy,F3,JellySquid,1 month ago
37th,MultiPorl,20m 52s 220ms,20m 47s 950ms,1.16.1,Normal,F3,JellySquid,1 week ago
38th,Yoopicul,20m 53s 300ms,20m 53s 300ms,1.16.1,Easy,F3,JellySquid,1 month ago
39th,TwoLetterName,20m 56s 310ms,20m 55s 850ms,1.16.1,Normal,F3,JellySquid,4 weeks ago
40th,Jakers_42,21m 07s 040ms,20m 57s 800ms,1.16.1,Normal,F3,JellySquid,2 weeks ago
41st,Cizzorz,21m 01s 840ms,20m 59s 850ms,1.16.1,Easy,F3,JellySquid,3 months ago
42nd,AutomattPL,21m 05s 080ms,21m 02s 200ms,1.16.1,Normal,F3,JellySquid,3 months ago
43rd,EleventyBillion,21m 27s 180ms,21m 06s 600ms,1.16.1,Easy,F3,JellySquid,2 weeks ago
44th,Kunaxe,21m 18s 320ms,21m 07s 150ms,1.16.1,Easy,F3,JellySquid,2 weeks ago
45th,calc1um,21m 10s 920ms,21m 08s 600ms,1.16.1,Easy,F3,JellySquid,2 weeks ago
46th,Danger1451,21m 12s 540ms,21m 09s 150ms,1.16.1,Normal,F3,Vanilla,2 weeks ago
47th,reignex,21m 23s 310ms,21m 09s 250ms,1.16.1,Normal,F3,JellySquid,3 weeks ago
48th,CredAhead,21m 13s 038ms,21m 13s 065ms,1.16.1,Easy,F3,JellySquid,3 weeks ago
49th,TobiaszGaming,21m 22s 890ms,21m 13s 200ms,1.16.1,Normal,F3,JellySquid,3 months ago
50th,xCrownie,21m 25s 620ms,21m 17s 400ms,1.16.1,Easy,F3,JellySquid,1 month ago
51st,MoleyGrail,22m 05s 260ms,21m 25s,1.16.1,Easy,F3,JellySquid,2 weeks ago
52nd,MinecrAvenger,21m 28s,21m 26s 167ms,1.16.1,Normal,F3,JellySquid,3 weeks ago
53rd,g4v1ng72,21m 45s 000ms,21m 27s 000ms,1.16.1,Easy,F3,JellySquid,1 month ago
54th,PeteZahHutt,21m 33s 250ms,21m 27s 950ms,1.16.1,Normal,F3,JellySquid,5 months ago
55th,santa12,21m 45s 110ms,21m 45s 110ms,1.16.1,Easy,F3,Vanilla,1 month ago
56th,Trevstacks,21m 48s,21m 48s,1.16.1,Easy,F3,JellySquid,2 months ago
57th,Jigjester,21m 52s 100ms,21m 52s 100ms,1.16.1,Easy,F3,Vanilla,1 month ago
58th,Sponsorius,23m 09s 470ms,21m 54s 600ms,1.16.1,Easy,F3,JellySquid,3 weeks ago
59th,MallardTV,22m 03s,21m 59s,1.16.1,Easy,F3,JellySquid,2 months ago
60th,T_Wag,22m 05s,22m 04s 600ms,1.16.1,Normal,F3,Vanilla,3 months ago
61st,ItsssLolo,22m 06s 920ms,22m 06s 920ms,1.16.1,Easy,F3,Vanilla,2 weeks ago
62nd,adjournment,22m 06s 967ms,22m 06s 967ms,1.16.1,Easy,F3,JellySquid,1 month ago
63rd,nEmerald,22m 20s 010ms,22m 09s 100ms,1.16.1,Normal,F3,JellySquid,1 week ago
64th,Hoffik,24m 14s 210ms,22m 09s 700ms,1.16.1,Normal,F3,JellySquid,3 weeks ago
65th,Heaven24x,22m 13s 830ms,22m 10s,1.16.1,Easy,F3,Vanilla,1 month ago
66th,Tookann,23m 25s 967ms,22m 16s 050ms,1.16.1,Normal,F3,JellySquid,2 weeks ago
67th,Fyroah,22m 31s 460ms,22m 16s 350ms,1.16.1,Easy,F3,JellySquid,2 months ago
68th,RaeveZ,22m 20s 920ms,22m 20s 700ms,1.16.1,Normal,F3,Vanilla,1 month ago
69th,Qnly_qdm,22m 27s 367ms,22m 22s 934ms,1.16.1,Easy,F3,Vanilla,2 weeks ago
70th,tekniik,22m 28s 050ms,22m 23s 300ms,1.16.1,Easy,F3,JellySquid,1 month ago
71st,oSilentPlays,22m 33s 230ms,22m 26s 050ms,1.16.1,Easy,F3,JellySquid,2 weeks ago
72nd,zgeez,22m 26s 750ms,22m 26s 750ms,1.16,Easy,F3,Vanilla,1 month ago
73rd,Kha0x,22m 27s 050ms,22m 27s 050ms,1.16.1,Normal,F3,Vanilla,1 month ago
74th,Quetrical,22m 04s 043ms,22m 28s,1.16.1,Easy,F3,Vanilla,1 month ago
75th,Bellex,22m 29s 383ms,22m 29s 383ms,1.16.1,Normal,F3,JellySquid,2 months ago
76th,AgarOther,22m 44s 010ms,22m 37s 050ms,1.16.1,Normal,F3,JellySquid,1 month ago
77th,Spropl,23m 17s 430ms,22m 39s 850ms,1.16.1,Easy,F3,JellySquid,1 month ago
78th,Jymnasium,22m 46s 680ms,22m 44s,1.16.1,Easy,F3,JellySquid,3 months ago
79th,Firework,23m 18s 047ms,22m 48s 085ms,1.16.1,Easy,F3,JellySquid,1 month ago
80th,Rayzor,22m 50s 670ms,22m 50s 670ms,1.16.1,Easy,F3,JellySquid,1 month ago
81st,M4xx,23m 00s,22m 52s 550ms,1.16.1,Hardcore,No F3,JellySquid,2 months ago
82nd,BooleanC5,22m 58s 860ms,22m 53s 900ms,1.16.1,Normal,F3,Vanilla,1 month ago
83rd,poodybooty,22m 58s 740ms,22m 57s 280ms,1.16.1,Normal,F3,JellySquid,2 weeks ago
84th,AceRPx,23m 06s 500ms,23m 06s 500ms,1.16.1,Easy,F3,JellySquid,2 weeks ago
85th,daverob,23m 20s 440ms,23m 07s 700ms,1.16.1,Normal,F3,Vanilla,1 month ago
86th,Kokos,23m 25s 810ms,23m 12s 300ms,1.16.1,Easy,F3,Vanilla,2 months ago
87th,felipebtw,23m 35s 630ms,23m 14s 450ms,1.16.1,Easy,F3,JellySquid,3 weeks ago
88th,EniarkuAvals,23m 30s 410ms,23m 16s 300ms,1.16.1,Easy,F3,JellySquid,2 months ago
89th,Horsey,25m 20s,23m 19s,1.16.1,,F3,JellySquid,3 weeks ago
90th,shotgiy12,23m 29s 840ms,23m 29s 840ms,1.16.1,Normal,F3,Optifine,5 months ago
91st,Decavex,23m 52s 700ms,23m 31s 550ms,1.16.1,Easy,F3,JellySquid,2 weeks ago
92nd,cngx,24m 34s 210ms,23m 32s 950ms,1.16.1,Easy,F3,JellySquid,3 weeks ago
93rd,KEYL000,23m 35s 015ms,23m 35s 020ms,1.16.1,Normal,F3,JellySquid,3 months ago
94th,Shipopi,23m 48s 350ms,23m 35s 900ms,1.16.1,Easy,F3,JellySquid,2 months ago
95th,RadVR,23m 43s 440ms,23m 39s 050ms,1.16.1,Easy,F3,JellySquid,1 week ago
96th,klydezzz,23m 58s 200ms,23m 41s 667ms,1.16.1,Easy,F3,JellySquid,1 month ago
97th,silverdrmario,23m 45s 110ms,23m 42s 350ms,1.16.1,Easy,F3,Vanilla,1 week ago
98th,cadethesloth,23m 47s 230ms,23m 42s 500ms,1.16.1,Easy,F3,JellySquid,1 week ago
99th,TheTalkingMime,23m 59s 910ms,23m 43s 800ms,1.16.1,Easy,F3,Vanilla,1 month ago
100th,MalonMusk,24m 07s 890ms,23m 49s 100ms,1.16.1,Normal,F3,Vanilla,1 month ago
101st,retropog,24m 05s 420ms,23m 51s 180ms,1.16.1,Easy,F3,JellySquid,1 month ago
102nd,Zayahh,24m 23s 367ms,23m 58s 150ms,1.16.1,Normal,F3,JellySquid,2 months ago
103rd,Cezoram,23m 59s 005ms,23m 59s 005ms,1.16.1,Easy,F3,Vanilla,1 month ago
104th,Luxik,24m 00s 660ms,23m 59s 660ms,1.16.1,Easy,F3,Vanilla,1 month ago
105th,GhilleSuitDude,24m 01s 820ms,24m 01s 820ms,1.16.1,Easy,F3,Vanilla,1 month ago
106th,zakvielchannel,24m 02s 020ms,24m 02s,1.16.1,Normal,F3,Vanilla,2 months ago
107th,NEslacks,25m 15s 110ms,24m 06s 450ms,1.16.1,Easy,F3,JellySquid,3 weeks ago
108th,7rowl,24m 29s 500ms,24m 06s 600ms,1.16.1,Normal,F3,JellySquid,2 weeks ago
109th,21mustard,24m 30s 750ms,24m 08s 600ms,1.16.1,Easy,F3,Vanilla,1 month ago
110th,Draaph,24m 14s 920ms,24m 08s 700ms,1.16.1,Easy,F3,JellySquid,2 months ago
111th,juh0,24m 16s 280ms,24m 10s 700ms,1.16.1,Normal,F3,Vanilla,2 months ago
112th,tidusMAX,24m 21s 550ms,24m 12s 800ms,1.16.1,Easy,F3,JellySquid,1 month ago
113th,DougThePig,24m 33s 330ms,24m 14s 150ms,1.16.1,Normal,F3,JellySquid,2 weeks ago
114th,ZaqAttack,24m 14s 600ms,24m 14s 600ms,1.16.1,Normal,F3,Vanilla,3 months ago
115th,Shell_Guy,24m 24s 450ms,24m 14s 900ms,1.16.1,Easy,F3,JellySquid,4 months ago
116th,Blyez,24m 19s 200ms,24m 16s 600ms,1.16.1,Hardcore,F3,JellySquid,2 months ago
117th,SNooFL,24m 42s 270ms,24m 17s 700ms,1.16.1,Easy,F3,JellySquid,3 weeks ago
118th,GigaFang,24m 20s 095ms,24m 18s 080ms,1.16.1,Normal,F3,Vanilla,2 months ago
119th,SuperstarJFG,24m 47s 817ms,24m 18s 500ms,1.16.1,Easy,F3,JellySquid,2 weeks ago
120th,Flaff,25m 04s 250ms,24m 19s 750ms,1.16,Normal,F3,JellySquid,1 month ago
121st,Javascript,24m 23s 433ms,24m 20s 633ms,1.16.1,Easy,F3,Vanilla,3 months ago
122nd,xlourx,24m 33s 620ms,24m 26s 100ms,1.16.1,Normal,F3,JellySquid,2 months ago
123rd,Mishbanya,24m 35s 039ms,24m 28s 025ms,1.16.1,Easy,F3,JellySquid,2 months ago
124th,Igno_C,24m 28s,24m 28s 150ms,1.16.1,Normal,No F3,JellySquid,3 weeks ago
125th,supertf,24m 33s 120ms,24m 33s 400ms,1.16.1,Easy,F3,Vanilla,1 month ago
126th,bernus,24m 42s 030ms,24m 42s 030ms,1.16.1,Easy,F3,JellySquid,3 months ago
127th,Lathil,25m 05s 960ms,24m 45s,1.16.1,Normal,F3,JellySquid,3 weeks ago
128th,City,24m 45s 610ms,24m 45s 610ms,1.16.1,Normal,F3,JellySquid,2 months ago
129th,ManDace,24m 54s 300ms,24m 45s 800ms,1.16.1,Easy,F3,JellySquid,2 weeks ago
130th,OdiZ,24m 50s 089ms,24m 50s 089ms,1.16.1,Normal,F3,JellySquid,4 months ago
131st,benet,24m 51s,24m 50s 700ms,1.16.1,Normal,F3,JellySquid,1 month ago
132nd,drvgxxn,25m 15s 066ms,24m 54s 065ms,1.16.1,Easy,F3,JellySquid,2 months ago
133rd,Kasserne,24m 57s 790ms,24m 55s 800ms,1.16.1,Easy,F3,JellySquid,1 month ago
134th,Dani_,25m 03s 810ms,24m 56s,1.16.1,Easy,F3,JellySquid,1 month ago
135th,plr,24m 58s 290ms,24m 58s 290ms,1.16.1,Normal,F3,JellySquid,4 months ago
136th,Stevie7,24m 58s 086ms,24m 58s 860ms,1.16.1,Easy,F3,JellySquid,2 weeks ago
137th,Hasbi,25m 05s 600ms,25m 01s 350ms,1.16.1,Easy,F3,Vanilla,1 month ago
138th,Jamima,25m 05s 870ms,25m 02s 620ms,1.16.1,Easy,F3,JellySquid,2 weeks ago
139th,Granat,25m 57s 840ms,25m 07s 950ms,1.16.1,Normal,F3,JellySquid,1 month ago
140th,draconix,25m 09s,25m 09s,1.16.1,Normal,F3,Vanilla,2 months ago
141st,Swight,25m 18s 007ms,25m 09s 040ms,1.16.1,Easy,F3,JellySquid,3 weeks ago
142nd,Galactic,25m 22s 066ms,25m 11s 005ms,1.16.1,Easy,F3,JellySquid,2 months ago
143rd,baragona,25m 12s,25m 12s,1.16.1,Normal,F3,Vanilla,2 months ago
144th,Stoffe,25m 14s 062ms,25m 14s 062ms,1.16.1,Normal,F3,JellySquid,2 months ago
145th,ByJoes,25m 35s 005ms,25m 17s 090ms,1.16.1,Easy,F3,JellySquid,2 months ago
146th,Pumbuh,25m 36s 233ms,25m 17s 400ms,1.16.1,Easy,F3,JellySquid,2 weeks ago
147th,Redmaddic,25m 17s 920ms,25m 18s 350ms,1.16.1,Easy,F3,JellySquid,2 weeks ago
148th,mikeyboytv,26m 01s 830ms,25m 21s 600ms,1.16.1,Easy,F3,JellySquid,1 month ago
149th,Zenonn69,25m 22s 033ms,25m 22s 033ms,1.16.1,Easy,F3,JellySquid,3 weeks ago
150th,mingo_XD,25m 34s 110ms,25m 23s 800ms,1.16.1,Easy,F3,JellySquid,1 month ago
151st,TheFabo,25m 26s 740ms,25m 26s 740ms,1.16.1,Easy,F3,JellySquid,2 months ago
152nd,ryancflam,25m 36s,25m 26s 800ms,1.16.1,Normal,F3,Vanilla,3 months ago
153rd,Sharkey91,25m 44s,25m 30s 750ms,1.16.1,Easy,F3,JellySquid,2 weeks ago
154th,suravil,25m 44s 920ms,25m 30s 800ms,1.16.1,Normal,F3,Vanilla,2 weeks ago
155th,ExTr0iX,25m 44s 483ms,25m 33s 900ms,1.16.1,Easy,F3,JellySquid,2 weeks ago
156th,DesktopFolder,25m 49s 080ms,25m 35s 750ms,1.16.1,Normal,F3,JellySquid,1 month ago
157th,RmaGod,25m 41s 065ms,25m 37s,1.16.1,Hardcore,F3,Optifine,5 months ago
158th,CroProYT,25m 39s 810ms,25m 39s 810ms,1.16.1,Normal,F3,JellySquid,4 months ago
159th,karelkop,26m 14s 670ms,25m 42s 450ms,1.16.1,Normal,F3,JellySquid,3 weeks ago
160th,Haid_,25m 43s 083ms,25m 43s 083ms,1.16.1,Easy,F3,JellySquid,1 month ago
161st,Heqtor,25m 45s 910ms,25m 45s 910ms,1.16.1,Normal,F3,JellySquid,3 weeks ago
162nd,RealSpeed,25m 46s 240ms,25m 46s 240ms,1.16.1,Normal,F3,Vanilla,1 month ago
163rd,Buration,25m 47s 717ms,25m 47s 717ms,1.16.1,Normal,F3,JellySquid,2 weeks ago
164th,FoolishGamers,25m 49s,25m 49s,1.16.1,Easy,F3,Vanilla,3 weeks ago
165th,HIZZ,25m 54s 460ms,25m 49s 400ms,1.16.1,Easy,F3,JellySquid,2 months ago
166th,Pedrodbr,25m 57s 300ms,25m 54s 210ms,1.16.1,Easy,F3,JellySquid,3 weeks ago
167th,SLTRR,25m 54s 980ms,25m 54s 500ms,1.16.1,Easy,F3,Vanilla,1 month ago
168th,nonXD,27m 57s 970ms,25m 56s 700ms,1.16.1,Easy,F3,JellySquid,2 weeks ago
169th,Refferency,25m 57s 390ms,25m 57s 390ms,1.16.1,Normal,F3,Vanilla,3 months ago
170th,TheItalianFeller,26m 28s 990ms,25m 57s 850ms,1.16.1,Easy,F3,Vanilla,2 weeks ago
171st,actualbigchief,25m 56s 820ms,25m 58s 150ms,1.16.1,Normal,F3,JellySquid,2 weeks ago
172nd,MeisterMaki,26m 05s 043ms,25m 59s 015ms,1.16.1,Normal,F3,JellySquid,2 months ago
173rd,MagneticMaybe,26m 10s 660ms,25m 59s 700ms,1.16.1,Easy,F3,JellySquid,3 weeks ago
174th,AdrianAyVa,25m 59s 066ms,26m 00s 010ms,1.16.1,Normal,F3,Vanilla,1 month ago
175th,G1bnick,28m 35s,26m 02s 600ms,1.16.1,Easy,F3,JellySquid,3 weeks ago
176th,cloUder691,26m 08s 000ms,26m 03s 000ms,1.16.1,Normal,F3,JellySquid,1 month ago
177th,boltdan,26m 18s 057ms,26m 05s 010ms,1.16.1,Easy,F3,Vanilla,4 weeks ago
178th,SlippySlipper,26m 16s 018ms,26m 05s 065ms,1.16.1,Normal,No F3,JellySquid,2 months ago
179th,Hinart,26m 39s 074ms,26m 07s 030ms,1.16.1,Easy,F3,JellySquid,1 month ago
180th,Nwjoo,26m 21s 026ms,26m 08s 850ms,1.16.1,Normal,F3,JellySquid,3 months ago
181st,Erupt,26m 11s 025ms,26m 11s 055ms,1.16.1,Easy,F3,Vanilla,1 month ago
182nd,Malamber,26m 11s 800ms,26m 11s 360ms,1.16.1,Easy,F3,JellySquid,1 month ago
183rd,Cronzorz,26m 17s 800ms,26m 15s 200ms,1.16.1,Normal,F3,JellySquid,1 month ago
184th,LumatDR,26m 16s 360ms,26m 16s 360ms,1.16.1,Normal,F3,Vanilla,2 months ago
185th,NotAnEzRandy,26m 16s 546ms,26m 16s 546ms,1.16.1,Easy,F3,JellySquid,2 weeks ago
186th,CipherXN,26m 46s 310ms,26m 16s 550ms,1.16.1,Normal,F3,JellySquid,2 weeks ago
187th,Shipoman,26m 17s 110ms,26m 17s 110ms,1.16.1,Normal,F3,Vanilla,1 month ago
188th,Fireburner,26m 21s 950ms,26m 21s 950ms,1.16.1,Easy,F3,Vanilla,1 month ago
189th,yeskaleb,26m 28s 910ms,26m 22s 080ms,1.16.1,Easy,F3,JellySquid,1 week ago
190th,LucoSRL,26m 30s 933ms,26m 25s 700ms,1.16.1,Easy,F3,JellySquid,2 weeks ago
191st,alanispro,26m 47s 530ms,26m 26s 700ms,1.16.1,Easy,F3,JellySquid,3 weeks ago
192nd,StainlessSteel,26m 35s 038ms,26m 29s 070ms,1.16.1,Easy,F3,JellySquid,1 month ago
193rd,Un_Mexican0,26m 32s 770ms,26m 33s,1.16.1,Normal,F3,Vanilla,3 weeks ago
194th,HayesLive,26m 34s 095ms,26m 34s 095ms,1.16.1,Easy,F3,Vanilla,1 month ago
195th,ArcticSky,26m 51s 170ms,26m 34s 650ms,1.16.1,Normal,F3,JellySquid,1 month ago
196th,AndyCuh,26m 36s 078ms,26m 37s 005ms,1.16.1,Normal,F3,JellySquid,2 months ago
197th,IcyFlamingo,26m 46s 600ms,26m 39s 350ms,1.16.1,Easy,F3,JellySquid,2 months ago
198th,ar4bidplatypus,26m 54s 751ms,26m 39s 450ms,1.16.1,Easy,F3,JellySquid,2 weeks ago
199th,LogyHD,26m 58s 550ms,26m 42s 050ms,1.16.1,Normal,F3,JellySquid,2 weeks ago
200th,Blayyzi,27m 45s 470ms,26m 44s 600ms,1.16.1,Easy,F3,Vanilla,1 week ago
201st,GeloTheGreatest,26m 45s 460ms,26m 45s 460ms,1.16.1,Easy,F3,JellySquid,3 weeks ago
202nd,Tfue,27m 01s 390ms,26m 46s,1.16.1,Easy,F3,JellySquid,3 weeks ago
203rd,Asquared11,26m 46s 290ms,26m 46s 290ms,1.16.1,Normal,F3,JellySquid,2 weeks ago
204th,sneegsnag,26m 46s 750ms,26m 46s 750ms,1.16.1,Normal,F3,Vanilla,4 months ago
205th,Smamson,26m 54s,26m 48s 095ms,1.16.1,Easy,F3,Vanilla,2 months ago
206th,Dannyin2D,26m 59s 420ms,26m 48s 400ms,1.16.1,Normal,F3,Vanilla,3 weeks ago
207th,UrghBla,26m 50s 530ms,26m 50s 200ms,1.16.1,Easy,No F3,Vanilla,2 months ago
208th,Unknwon,26m 57s 200ms,26m 56s 500ms,1.16.1,Easy,F3,Vanilla,1 month ago
209th,Strick_Nine_TV,27m 43s 820ms,27m 04s 900ms,1.16.1,Easy,F3,JellySquid,3 weeks ago
210th,XKon23,27m 40s 250ms,27m 07s 090ms,1.16.1,Easy,F3,JellySquid,2 weeks ago
211th,Kahrii_,27m 09s 066ms,27m 09s 066ms,1.16.1,Normal,F3,Vanilla,3 months ago
212th,Orangenox,27m 47s 820ms,27m 13s 300ms,1.16.1,Easy,F3,JellySquid,2 months ago
213th,usa,27m 13s 950ms,27m 13s 950ms,1.16.1,Normal,F3,JellySquid,3 months ago
214th,HellstormBishop,27m 36s 250ms,27m 14s 350ms,1.16.1,Hardcore,F3,JellySquid,1 month ago
215th,OleQ,27m 16s 290ms,27m 16s 500ms,1.16.1,Normal,F3,JellySquid,1 month ago
216th,RowdyCat,27m 55s 290ms,27m 21s 450ms,1.16.1,Easy,F3,JellySquid,4 weeks ago
217th,Jaycee7C,27m 36s 560ms,27m 21s 900ms,1.16.1,Normal,F3,JellySquid,2 months ago
218th,Pontuz,27m 23s 004ms,27m 23s 045ms,1.16.1,Normal,F3,Vanilla,1 month ago
219th,soccerdude24663,27m 38s 540ms,27m 24s 950ms,1.16.1,Easy,F3,JellySquid,2 weeks ago
220th,SirEthan27,27m 31s 620ms,27m 25s 050ms,1.16.1,Normal,F3,Vanilla,3 weeks ago
221st,Sweatcicle,27m 28s,27m 28s,1.16.1,Easy,F3,Vanilla,2 months ago
222nd,CapKillertje,27m 37s 051ms,27m 28s 015ms,1.16.1,Easy,F3,JellySquid,4 weeks ago
222nd,Exuberance,27m 39s 033ms,27m 28s 015ms,1.16.1,Easy,F3,JellySquid,2 months ago
224th,Nepciako,27m 29s 414ms,27m 29s 414ms,1.16.1,Normal,F3,Vanilla,4 months ago
225th,Rotislavs,27m 30s 066ms,27m 30s 066ms,1.16.1,Easy,F3,Vanilla,6 days ago
226th,NamelyNici,27m 43s 330ms,27m 35s 100ms,1.16.1,Easy,F3,JellySquid,2 weeks ago
227th,Godzito,27m 55s 720ms,27m 37s 950ms,1.16.1,Easy,F3,JellySquid,3 weeks ago
228th,nucket,27m 44s 850ms,27m 44s 850ms,1.16.1,Normal,F3,Vanilla,5 months ago
229th,Acilith,27m 47s 056ms,27m 47s 056ms,1.16.1,Easy,F3,Vanilla,1 month ago
230th,shdodude,27m 58s 320ms,27m 49s 400ms,1.16.1,Easy,F3,JellySquid,1 month ago
231st,CheekiiHD,27m 49s 968ms,27m 49s 968ms,1.16.1,Easy,F3,JellySquid,2 months ago
232nd,m3r0,28m 35s 450ms,27m 55s 600ms,1.16.1,Normal,F3,JellySquid,3 weeks ago
233rd,HBomb94,27m 56s,27m 56s,1.16.1,Normal,F3,Vanilla,5 months ago
233rd,Clarenz,27m 56s,27m 56s,1.16.1,Normal,F3,JellySquid,1 month ago
235th,markus002,31m 22s 029ms,28m 00s 095ms,1.16.1,Normal,F3,JellySquid,5 months ago
236th,MiGor,28m 03s,28m 03s,1.16.1,Easy,F3,Vanilla,2 weeks ago
237th,iggieo,28m 12s 840ms,28m 04s 600ms,1.16.1,Easy,F3,Vanilla,3 weeks ago
238th,Crackpixel,28m 12s,28m 05s 050ms,1.6.1,Easy,F3,JellySquid,1 month ago
239th,672JengaBlocks,28m 10s 830ms,28m 08s 450ms,1.16.1,Normal,F3,Vanilla,1 month ago
240th,xQcOW_,28m 10s 500ms,28m 10s 500ms,1.16.1,Easy,F3,Vanilla,2 weeks ago
241st,Neo_kk,28m 16s,28m 14s,1.16.1,Easy,F3,Vanilla,5 months ago
242nd,Boe6Eod7Nty,29m 27s 670ms,28m 14s 150ms,1.16.1,Easy,F3,JellySquid,4 weeks ago
243rd,blazejPL,28m 36s 460ms,28m 17s 070ms,1.16.1,Normal,F3,JellySquid,3 months ago
244th,Hishfish,30m 54s 795ms,28m 18s 050ms,1.16.1,Easy,F3,JellySquid,3 weeks ago
245th,buszz,28m 27s 092ms,28m 20s 095ms,1.16.1,Normal,F3,JellySquid,3 months ago
246th,Quade,28m 21s 200ms,28m 21s 200ms,1.16.1,Easy,F3,JellySquid,2 months ago
247th,GonikGoroshi,28m 23s,28m 22s,1.16.1,Easy,F3,Vanilla,2 months ago
248th,Handymail,28m 22s 450ms,28m 22s 450ms,1.16.1,Normal,F3,Vanilla,2 months ago
249th,aidenb,28m 46s,28m 24s 200ms,1.16.1,Easy,F3,JellySquid,4 weeks ago
250th,Scar,28m 52s 840ms,28m 25s 350ms,1.16.1,Normal,F3,JellySquid,2 weeks ago
251st,Daferade,28m 31s 072ms,28m 26s 085ms,1.16.1,Easy,F3,Vanilla,2 months ago
252nd,Dannyxv8,28m 42s 760ms,28m 26s 200ms,1.16.1,Normal,F3,JellySquid,3 months ago
253rd,Kyle,28m 33s,28m 33s,1.16.1,Easy,F3,Vanilla,2 months ago
254th,Krypticphox,28m 34s,28m 34s,1.16.1,Normal,F3,JellySquid,2 weeks ago
255th,RealHouston,28m 37s 210ms,28m 34s 100ms,1.16.1,Normal,F3,Vanilla,1 month ago
256th,ninja_redstone,28m 35s 030ms,28m 35s 020ms,1.16.1,Normal,F3,Vanilla,2 months ago
257th,WildWill279,28m 35s 022ms,28m 35s 022ms,1.16.1,Normal,F3,Vanilla,4 months ago
258th,minaxa,28m 39s 640ms,28m 39s 900ms,1.16.1,Easy,F3,Vanilla,3 months ago
259th,ChrisS97,28m 44s,28m 40s 250ms,1.16.1,Normal,F3,Vanilla,1 month ago
260th,c10sens,30m 15s 250ms,28m 41s,1.16.1,Normal,F3,JellySquid,2 months ago
261st,Dejman_,29m 02s 500ms,28m 41s 150ms,1.16.1,Normal,F3,JellySquid,2 weeks ago
262nd,ojoojo,28m 47s 010ms,28m 43s 300ms,1.16.1,Normal,F3,Vanilla,2 weeks ago
263rd,Nolif,28m 45s 983ms,28m 45s 983ms,1.16.1,Normal,F3,Optifine,5 months ago
264th,maSSon4eG-O_o,28m 46s 220ms,28m 46s 220ms,1.16.1,Normal,F3,Vanilla,4 months ago
265th,Koby,28m 47s 240ms,28m 47s 240ms,1.16.1,Easy,F3,Vanilla,3 weeks ago
266th,Tochter,29m 05s,28m 50s,1.16.1,Hardcore,No F3,JellySquid,3 months ago
267th,Tunks,28m 55s 930ms,28m 52s 002ms,1.6.1,Easy,F3,Vanilla,1 month ago
268th,AxelLarsen,28m 57s 022ms,28m 52s 045ms,1.16.1,Easy,F3,Vanilla,1 month ago
269th,Redpaanda,28m 52s 620ms,28m 52s 620ms,1.16.1,Easy,F3,JellySquid,2 weeks ago
270th,Dayto,28m 53s 270ms,28m 53s 270ms,1.16.1,Easy,F3,JellySquid,3 weeks ago
271st,Reparzival,28m 56s,28m 56s,1.16.1,Easy,F3,JellySquid,3 months ago
272nd,triple6kono,28m 58s 250ms,28m 58s 250ms,1.16.1,Easy,F3,Vanilla,1 week ago
273rd,Zolstice,29m 52s 000ms,28m 58s 000ms,1.16.1,Normal,F3,JellySquid,3 weeks ago
274th,treeno,28m 58s 800ms,28m 58s 800ms,1.16.1,Normal,F3,JellySquid,2 weeks ago
275th,Kuzeyli,29m 18s 620ms,29m 01s 550ms,1.16.1,Normal,F3,JellySquid,2 weeks ago
276th,Bremu,29m 07s 550ms,29m 01s 800ms,1.16.1,Normal,F3,Optifine,5 months ago
277th,Chrilletz,29m 07s,29m 07s,1.16.1,Easy,F3,JellySquid,4 months ago
278th,HockeyLover469,29m 12s 057ms,29m 09s 085ms,1.16.1,Normal,F3,Vanilla,2 months ago
279th,Denry,31m 27s 440ms,29m 12s 300ms,1.16.1,Normal,F3,JellySquid,3 weeks ago
280th,rhubarbs,29m 20s 480ms,29m 15s 400ms,1.16.1,Normal,F3,JellySquid,2 weeks ago
281st,tjthings,29m 27s 100ms,29m 19s 400ms,1.16.1,Normal,F3,JellySquid,3 weeks ago
282nd,F1LIPINO,29m 19s 467ms,29m 19s 467ms,1.16.1,Easy,F3,JellySquid,1 week ago
283rd,Coopa,29m 20s 290ms,29m 20s 290ms,1.16.1,Normal,No F3,JellySquid,1 month ago
284th,Greenyy,29m 25s 099ms,29m 21s 035ms,1.16.1,Easy,F3,Vanilla,1 month ago
285th,ADANDOC,29m 26s 040ms,29m 21s 040ms,1.16.1,Normal,F3,Vanilla,2 months ago
286th,PhantomBird,29m 30s 930ms,29m 24s 420ms,1.16.1,Easy,F3,JellySquid,2 months ago
287th,zipfile,29m 28s 084ms,29m 26s 085ms,1.16.1,Normal,F3,JellySquid,1 month ago
288th,Blyde_,29m 41s 670ms,29m 29s 030ms,1.16.1,Easy,F3,Vanilla,3 months ago
289th,thebuggy9000,29m 30s 092ms,29m 30s 092ms,1.16.1,Easy,F3,Vanilla,2 months ago
290th,Landslide88,30m 03s 533ms,29m 30s 750ms,1.16.1,Easy,F3,JellySquid,3 weeks ago
291st,legendaryrobocat,29m 31s,29m 31s,1.16.1,Normal,F3,Vanilla,5 months ago
292nd,Austiin,29m 33s 970ms,29m 31s 600ms,1.16.1,Easy,F3,Vanilla,1 month ago
293rd,MisterSuess,29m 31s 093ms,29m 32s 005ms,1.16,Easy,F3,Vanilla,1 month ago
294th,FireWolf,29m 44s,29m 37s,1.16.1,Easy,F3,Vanilla,3 months ago
295th,Vukasz,29m 52s 580ms,29m 41s 500ms,1.16.1,Normal,F3,JellySquid,4 months ago
296th,PrinceofSha,29m 43s 000ms,29m 43s 000ms,1.16.1,Normal,F3,Vanilla,2 months ago
297th,BennyD,29m 52s 167ms,29m 44s 050ms,1.16.1,Easy,F3,JellySquid,2 months ago
298th,sl1dr,29m 46s 053ms,29m 44s 800ms,1.16.1,Easy,F3,JellySquid,4 weeks ago
299th,Blazing_Shade,29m 47s,29m 47s,1.16.1,Normal,F3,Vanilla,4 months ago
300th,ttvCuffep,29m 49s 046ms,29m 49s 046ms,1.16.1,Normal,F3,JellySquid,3 months ago
301st,nwolc,30m 08s 020ms,29m 50s 500ms,1.16.1,Easy,F3,JellySquid,2 weeks ago
302nd,TJBirrd,29m 52s 082ms,29m 52s 082ms,1.16.1,Easy,F3,Vanilla,2 months ago
303rd,hasjberg,29m 53s 650ms,29m 53s 650ms,1.16.1,Normal,F3,Vanilla,2 months ago
304th,BlueCrystal004,29m 54s,29m 54s,1.16.1,Normal,No F3,Vanilla,2 months ago
305th,Muhammad_Sban,29m 59s,29m 56s,1.16.1,Normal,F3,JellySquid,1 week ago
306th,ArtisticGenius1,30m 00s 013ms,29m 56s 075ms,1.16.1,Normal,F3,JellySquid,3 months ago
307th,Impulse_Fun,30m 17s 530ms,30m 07s 240ms,1.16.1,Easy,F3,Vanilla,1 month ago
308th,St0rmD,30m 07s 940ms,30m 07s 940ms,1.16.1,Easy,F3,JellySquid,3 weeks ago
309th,Torsoto,30m 28s,30m 08s,1.16.1,Easy,F3,JellySquid,2 months ago
310th,TeHax,30m 12s 520ms,30m 12s 400ms,1.16.1,Normal,F3,JellySquid,2 months ago
311th,FrankieSR,30m 13s 016ms,30m 12s 550ms,1.16.1,Normal,F3,Vanilla,2 months ago
312th,Kikiitta,30m 13s 006ms,30m 13s 006ms,1.16.1,Normal,F3,Vanilla,2 months ago
313th,stevecrafts,30m 14s,30m 14s,1.16.1,Normal,F3,JellySquid,2 months ago
314th,jimmy50908,30m 34s 660ms,30m 15s 050ms,1.16.1,Normal,F3,JellySquid,2 weeks ago
315th,ThanhSchaefer,30m 16s 440ms,30m 15s 300ms,1.16.1,Easy,F3,Vanilla,3 weeks ago
316th,Saltana,30m 21s 360ms,30m 16s 300ms,1.16.1,Easy,F3,Vanilla,5 months ago
317th,Hurzz,30m 46s,30m 18s,1.16.1,Normal,F3,JellySquid,5 months ago
318th,Aspect30,30m 23s 100ms,30m 18s 540ms,1.16.1,Normal,F3,JellySquid,2 weeks ago
319th,wafflekiller5876,30m 21s 062ms,30m 19s 095ms,1.16.1,Normal,F3,JellySquid,2 months ago
320th,Cleanfel,30m 32s 330ms,30m 21s 800ms,1.16.1,Normal,F3,Vanilla,1 month ago
321st,Redstone_M,31m 57s,30m 23s 600ms,1.16.1,Normal,F3,JellySquid,2 weeks ago
322nd,sympli,30m 38s 990ms,30m 30s 550ms,1.16.1,Easy,F3,JellySquid,5 months ago
323rd,Dready,30m 35s 053ms,30m 31s 025ms,1.16.1,Easy,F3,Vanilla,4 weeks ago
324th,Torrecilha,30m 31s 400ms,30m 31s 400ms,1.16.1,Normal,F3,JellySquid,2 weeks ago
325th,JemBren,30m 44s 790ms,30m 34s 750ms,1.16.1,Normal,F3,Vanilla,1 week ago
326th,whit3andblack,30m 12s 009ms,30m 36s,1.16.1,Easy,F3,JellySquid,2 months ago
327th,dinojoaco,30m 54s 057ms,30m 41s 065ms,1.16.1,Easy,F3,JellySquid,2 months ago
328th,Rahn,30m 46s 057ms,30m 44s 047ms,1.16.1,Easy,F3,JellySquid,4 weeks ago
329th,SnoopTurducken,31m 25s 610ms,30m 45s 700ms,1.16.1,Normal,F3,JellySquid,1 month ago
330th,TurbiiniSpurg,30m 47s,30m 47s,1.16.1,Easy,F3,JellySquid,3 months ago
331st,Fantom548,30m 52s,30m 52s,1.16.1,Normal,F3,Vanilla,1 month ago
332nd,temp_gd,30m 54s 730ms,30m 52s 980ms,1.16.1,Easy,F3,Vanilla,1 month ago
333rd,Maorro,31m 01s 970ms,30m 54s 750ms,1.16.1,Easy,F3,JellySquid,1 month ago
334th,Tomay0,30m 59s 740ms,30m 59s 050ms,1.16.1,Easy,F3,Vanilla,1 month ago
335th,YaLikeJess,31m 03s 740ms,31m 03s 740ms,1.16.1,Normal,F3,Vanilla,3 weeks ago
336th,sumtingwng17,31m 13s 021ms,31m 12s 070ms,1.16.1,Easy,F3,JellySquid,4 weeks ago
337th,Dratinia,31m 13s,31m 13s,1.16.1,Normal,F3,JellySquid,1 week ago
338th,Copy,31m 16s 030ms,31m 15s 950ms,1.16.1,Easy,F3,JellySquid,2 months ago
339th,Raaavel,31m 23s 009ms,31m 17s 035ms,1.16.1,Normal,F3,JellySquid,3 months ago
340th,Marlin,31m 33s 140ms,31m 18s 350ms,1.16.1,Normal,F3,JellySquid,1 week ago
341st,SardsSan,31m 22s 012ms,31m 20s 090ms,1.16.1,Easy,F3,Vanilla,1 month ago
342nd,landmonkey,31m 26s 025ms,31m 26s 011ms,1.16.1,Easy,F3,Vanilla,2 months ago
343rd,DaveGax,31m 35s 030ms,31m 30s 600ms,1.16.1,Easy,F3,JellySquid,1 month ago
344th,Falsepog,31m 41s 440ms,31m 38s 700ms,1.16.1,Easy,F3,JellySquid,2 weeks ago
345th,TheGreatAli,32m 34s 081ms,31m 39s 030ms,1.16.1,Easy,F3,JellySquid,1 month ago
346th,Nikolech,31m 49s 630ms,31m 43s 050ms,1.16.1,Normal,F3,Vanilla,2 months ago
347th,ItzBurb,33m 26s 091ms,31m 47s 040ms,1.16.1,Normal,F3,Vanilla,1 month ago
348th,Pesh,31m 47s 067ms,31m 47s 067ms,1.16.1,Normal,F3,Vanilla,4 months ago
349th,ItzToxic,32m 31s 930ms,31m 56s,1.16.1,Normal,F3,JellySquid,3 weeks ago
350th,Aorean,32m 42s 043ms,31m 59s 065ms,1.16.1,Normal,F3,JellySquid,1 week ago
351st,brankoj123,32m 04s 060ms,32m 01s 090ms,1.16.1,Easy,F3,Vanilla,1 week ago
352nd,clappedlogan2k,32m 05s 054ms,32m 05s 054ms,1.16.1,Easy,F3,Vanilla,2 months ago
353rd,Torje,32m 22s,32m 09s 700ms,1.16.1,Normal,F3,JellySquid,2 months ago
354th,GageTM,32m 14s 051ms,32m 14s 051ms,1.16.1,Easy,F3,Vanilla,2 months ago
355th,eOliver,32m 56s,32m 20s 450ms,1.16.1,Easy,F3,JellySquid,1 month ago
356th,Novawolf,32m 27s 020ms,32m 21s 550ms,1.16.1,Normal,F3,JellySquid,2 weeks ago
357th,Kommunarka,32m 22s 008ms,32m 22s 008ms,1.16.1,Normal,F3,Vanilla,1 month ago
358th,Soky,32m 23s 047ms,32m 22s 029ms,1.16.1,Easy,F3,Vanilla,1 month ago
359th,Yosherax,32m 52s 590ms,32m 23s 200ms,1.16.1,Easy,F3,JellySquid,3 months ago
360th,speedycube64,32m 39s,32m 29s 450ms,1.16.1,Easy,F3,JellySquid,2 months ago
361st,muma,32m 37s 660ms,32m 35s 884ms,1.16.1,Easy,F3,JellySquid,1 week ago
362nd,Hellder,33m 07s 006ms,32m 36s 030ms,1.16.1,Easy,F3,Vanilla,1 month ago
363rd,spacemanYT,32m 38s 280ms,32m 38s 280ms,1.16.1,Easy,F3,JellySquid,1 month ago
364th,lasagna666,32m 47s 052ms,32m 40s 060ms,1.16,Easy,F3,JellySquid,1 month ago
365th,Alejely,32m 42s 061ms,32m 42s 061ms,1.16.1,Easy,F3,Vanilla,3 months ago
366th,Degasaur,32m 46s 700ms,32m 44s 450ms,1.16.1,Normal,F3,Vanilla,1 month ago
367th,NotSoSavvyy,32m 46s 700ms,32m 45s 600ms,1.16.1,Normal,F3,JellySquid,2 months ago
368th,Scorppp,33m 12s 670ms,32m 51s 950ms,1.16.1,Easy,F3,JellySquid,1 week ago
369th,LuchiBuchi,32m 54s 840ms,32m 52s 810ms,1.16.1,Easy,F3,Vanilla,2 months ago
370th,neoprene,32m 58s 697ms,32m 53s 950ms,1.16.1,Easy,F3,JellySquid,1 month ago
371st,Source,34m 03s 610ms,32m 57s,1.16.1,Easy,F3,JellySquid,2 weeks ago
372nd,get_robbed,32m 58s 840ms,32m 57s 390ms,1.16.1,Easy,F3,Vanilla,1 month ago
373rd,WATTSONI,32m 58s 260ms,32m 57s 850ms,1.16.1,Easy,F3,JellySquid,3 weeks ago
374th,FarD0x,33m 00s 007ms,33m 00s 007ms,1.16.1,Normal,F3,Vanilla,3 months ago
375th,Pfluger,33m 01s 046ms,33m 02s 040ms,1.16.1,Easy,F3,Vanilla,1 month ago
376th,SuPurplePlatypus,33m 10s 430ms,33m 06s 650ms,1.16.1,Easy,F3,Vanilla,2 months ago
377th,Paulluap,33m 10s 030ms,33m 10s 030ms,1.16.1,Easy,F3,JellySquid,1 month ago
378th,Aeroshide,33m 14s 960ms,33m 14s 600ms,1.16.1,Easy,F3,JellySquid,1 month ago
379th,EatTacos,33m 16s 022ms,33m 16s 022ms,1.16.1,Easy,F3,JellySquid,1 month ago
380th,Scoria,33m 17s 760ms,33m 17s 760ms,1.16.1,Normal,F3,Optifine,5 months ago
381st,o3oh,34m 18s 082ms,33m 18s 020ms,1.16.1,Easy,F3,Vanilla,2 months ago
382nd,Airships,33m 23s 051ms,33m 18s 095ms,1.16.1,Normal,F3,JellySquid,3 months ago
383rd,grax,33m 24s 560ms,33m 19s,1.16.1,Normal,F3,JellySquid,5 months ago
384th,LaRuim,33m 57s 085ms,33m 19s 060ms,1.16.1,Easy,F3,JellySquid,1 month ago
385th,lindenkron,33m 20s 400ms,33m 19s 900ms,1.16.1,Easy,F3,JellySquid,2 months ago
386th,Kodeama,33m 36s 960ms,33m 23s,1.16.1,Easy,F3,JellySquid,1 month ago
387th,_Ileven,33m 29s 167ms,33m 24s 950ms,1.16.1,Easy,F3,JellySquid,1 month ago
388th,Kaug,33m 30s 300ms,33m 27s 300ms,1.16.1,Normal,F3,JellySquid,1 month ago
389th,10CPS,33m 53s 018ms,33m 36s 090ms,1.16.1,Easy,F3,JellySquid,1 month ago
390th,Rekford,33m 39s 830ms,33m 39s 830ms,1.16.1,Easy,No F3,Optifine,6 months ago
391st,Snakezy,33m 48s 250ms,33m 40s 150ms,1.16.1,Normal,F3,Vanilla,2 weeks ago
392nd,CuukieKun,33m 44s,33m 44s,1.16.1,Normal,F3,Vanilla,2 months ago
392nd,Nqth,33m 45s 006ms,33m 44s,1.16.1,Easy,F3,JellySquid,5 months ago
394th,Desticy,33m 47s 150ms,33m 47s 150ms,1.16.1,Easy,F3,JellySquid,1 month ago
395th,Krerey,33m 47s 700ms,33m 47s 700ms,1.16.1,Easy,F3,JellySquid,2 weeks ago
396th,acatterz,34m 06s 850ms,33m 51s 090ms,1.16.1,Easy,F3,JellySquid,2 months ago
397th,feathersoc,33m 56s 011ms,33m 55s 052ms,1.16.1,Easy,F3,Vanilla,2 months ago
398th,1Kyle3,33m 55s 540ms,33m 55s 540ms,1.16.1,Easy,F3,Vanilla,2 weeks ago
399th,kaori_hattori,33m 57s,33m 57s,1.16.1,Easy,F3,JellySquid,1 month ago
400th,Rildom,34m 02s 038ms,33m 57s 075ms,1.16,Easy,F3,Vanilla,1 month ago
401st,Specnr,34m 31s 740ms,33m 57s 650ms,1.16.1,Easy,F3,JellySquid,3 weeks ago
402nd,zhaopoww,34m 04s,33m 59s,1.16.1,Easy,,Vanilla,1 month ago
403rd,veifv,34m 00s 500ms,34m 00s 500ms,1.16.1,Normal,F3,Vanilla,2 months ago
404th,Mikemino321,34m 02s,34m 02s,1.16,Normal,F3,Vanilla,3 months ago
404th,squeggtv,34m 18s 033ms,34m 02s,1.16.1,Easy,F3,JellySquid,3 weeks ago
406th,Videogames_Man,34m 12s 015ms,34m 04s 050ms,1.16.1,Easy,F3,Vanilla,1 month ago
407th,tsunasing,34m 04s 083ms,34m 04s 083ms,1.16.1,Easy,F3,Vanilla,1 month ago
408th,nick6z,34m 09s 880ms,34m 09s 400ms,1.16.1,Easy,F3,JellySquid,2 months ago
409th,Eselous,34m 14s 380ms,34m 14s 380ms,1.16.1,Normal,F3,Vanilla,5 months ago
410th,enozo,34m 29s 640ms,34m 14s 700ms,1.16.1,Easy,F3,JellySquid,2 months ago
411th,jjcole0915,34m 16s,34m 16s,1.16.1,Normal,F3,Vanilla,2 months ago
412th,LimeJuiceOkay,34m 20s 300ms,34m 18s 300ms,1.16.1,Easy,F3,JellySquid,1 month ago
413th,MarweX,34m 27s 020ms,34m 26s,1.16,Easy,F3,Vanilla,1 month ago
414th,Sprooky,34m 26s 075ms,34m 26s 075ms,1.16.1,Easy,F3,Vanilla,2 months ago
415th,Spitfire57,34m 27s 000ms,34m 27s 000ms,1.16.1,Easy,F3,Vanilla,2 weeks ago
416th,Howdy,34m 28s 660ms,34m 28s 660ms,1.16.1,Normal,F3,JellySquid,1 week ago
417th,DaveyTime,34m 32s 037ms,34m 32s 037ms,1.16.1,Easy,F3,Vanilla,2 months ago
418th,Jace174,34m 47s 430ms,34m 38s 350ms,1.16.1,Easy,F3,JellySquid,3 weeks ago
419th,duckfood,34m 51s 360ms,34m 42s 550ms,1.16.1,Easy,F3,JellySquid,2 weeks ago
420th,ZMCNikolai,34m 54s,34m 47s 069ms,1.16.1,Normal,F3,Vanilla,5 months ago
421st,Syelent,34m 54s 330ms,34m 47s 550ms,1.16.1,Easy,F3,Vanilla,1 month ago
422nd,2Senya1,34m 09s 097ms,34m 48s,1.16.1,Easy,F3,JellySquid,1 month ago
423rd,danhem9,35m 20s 100ms,34m 51s 850ms,1.16.1,Easy,F3,JellySquid,1 month ago
424th,Sp3dward,34m 57s 100ms,34m 53s 167ms,1.16.1,Normal,F3,JellySquid,2 weeks ago
425th,Teddiursa1234,34m 56s,34m 56s,1.16.1,Normal,F3,Vanilla,1 month ago
426th,Hinkeding,35m 07s,35m 06s,1.16.1,Normal,F3,Vanilla,5 months ago
427th,ErikTheGoose,35m 30s 077ms,35m 19s 023ms,1.16.1,Normal,F3,Vanilla,1 month ago
428th,randomnin7,35m 24s 570ms,35m 22s 500ms,1.16.1,Normal,F3,Vanilla,1 month ago
429th,Zochs,35m 22s 860ms,35m 22s 860ms,1.16.1,Normal,F3,JellySquid,4 months ago
430th,ybot76,35m 25s 680ms,35m 25s 680ms,1.16.1,Easy,F3,Vanilla,3 weeks ago
431st,Yahiamice,35m 31s 850ms,35m 31s 850ms,1.16.1,Easy,F3,JellySquid,1 month ago
432nd,SmallestBeanie,35m 42s 033ms,35m 37s 065ms,1.16.1,Easy,F3,Vanilla,3 weeks ago
433rd,Felsway,36m 23s 030ms,35m 37s 096ms,1.16.1,Normal,F3,JellySquid,2 months ago
434th,V_OIDD,36m 08s 460ms,35m 37s 460ms,1.16.1,Easy,F3,JellySquid,3 months ago
435th,Kearkor,36m 48s 300ms,35m 39s 700ms,1.16.1,Normal,F3,JellySquid,2 months ago
436th,ConnorSora,35m 43s 025ms,35m 43s 025ms,1.16.1,Easy,F3,JellySquid,2 months ago
437th,Aang,35m 43s 097ms,35m 43s 097ms,1.16.1,Normal,F3,JellySquid,5 months ago
438th,monkei_man,35m 44s 370ms,35m 44s 370ms,1.16.1,Normal,F3,JellySquid,1 month ago
439th,Greencat9,35m 48s 670ms,35m 48s 670ms,1.16.1,Easy,F3,Vanilla,4 weeks ago
440th,CRAZYMOE,35m 52s 800ms,35m 53s 150ms,1.16.1,Normal,F3,JellySquid,3 weeks ago
441st,WigglerMC,35m 58s 750ms,35m 58s 750ms,1.16.1,Easy,F3,Vanilla,2 months ago
442nd,uacrze,35m 59s 001ms,35m 59s 001ms,1.16.1,Easy,F3,Vanilla,2 months ago
443rd,JUSTVINII,36m 13s 400ms,36m 05s 350ms,1.16.1,Easy,F3,JellySquid,2 weeks ago
444th,Cherryphil,36m 12s 350ms,36m 05s 600ms,1.16.1,Easy,F3,Vanilla,2 weeks ago
445th,GameNight,36m 07s,36m 07s,1.16.4,Normal,F3,Vanilla,2 weeks ago
446th,CSherman,36m 23s 050ms,36m 10s 650ms,1.16.1,Normal,F3,JellySquid,1 month ago
447th,Robert1,36m 28s 033ms,36m 11s 200ms,1.16.1,Easy,F3,JellySquid,3 months ago
448th,exyloe,36m 28s 720ms,36m 16s 050ms,1.16.1,Easy,F3,JellySquid,1 month ago
449th,Andemu,36m 34s 930ms,36m 25s 350ms,1.16.1,Normal,F3,Vanilla,1 month ago
450th,Gidan,36m 27s,36m 27s,1.16.1,Easy,F3,JellySquid,4 months ago
451st,LucPerecOgurec,36m 27s 084ms,36m 27s 084ms,,Easy,F3,JellySquid,1 month ago
452nd,Vivek295,37m 52s 630ms,36m 30s 050ms,1.16.1,Easy,F3,JellySquid,1 month ago
453rd,ItsNeon,36m 30s 610ms,36m 30s 150ms,1.16.1,Easy,F3,Vanilla,2 months ago
454th,electriceagle17,36m 37s 800ms,36m 30s 600ms,1.16.1,Normal,F3,Vanilla,3 weeks ago
455th,Antonamore,36m 34s 036ms,36m 34s 036ms,1.16.1,Easy,F3,Vanilla,1 month ago
456th,ComplicatedCow,36m 35s 220ms,36m 35s 220ms,1.16.1,Easy,F3,JellySquid,1 month ago
457th,iamnexus,37m 50s 110ms,36m 36s 400ms,1.16.1,Easy,F3,Vanilla,2 weeks ago
458th,Orlikesque,37m 28s 120ms,36m 40s 650ms,1.16.1,Normal,F3,JellySquid,2 weeks ago
459th,ThatGuyNG,36m 42s 080ms,36m 42s 050ms,1.16.1,Normal,F3,Vanilla,3 weeks ago
460th,MaRsoNxOG,36m 56s,36m 56s,1.16.1,Normal,F3,Vanilla,3 months ago
461st,Fan5364,37m 23s 358ms,36m 59s 055ms,1.16.1,Easy,F3,Vanilla,5 months ago
462nd,Set_E_Boy,39m 24s,37m 00s,1.16.1,Normal,F3,Vanilla,3 months ago
463rd,Ultimate_Gamer,37m 24s 933ms,37m 01s 550ms,1.16.1,Normal,F3,JellySquid,3 weeks ago
464th,Resper,37m 30s 049ms,37m 04s 065ms,1.16.1,Normal,F3,JellySquid,2 months ago
465th,slefforge,37m 05s,37m 05s,1.16.1,Easy,F3,JellySquid,2 months ago
466th,steelpenguin,37m 06s 270ms,37m 06s 270ms,1.16.1,Easy,F3,Vanilla,2 weeks ago
467th,FrazzledRaz,37m 57s 022ms,37m 07s 005ms,1.16.1,Easy,F3,JellySquid,1 month ago
468th,kayumanis,37m 26s 130ms,37m 19s 350ms,1.16.1,Easy,F3,JellySquid,3 months ago
469th,doximanman,37m 45s 060ms,37m 21s 350ms,1.16.1,Easy,F3,JellySquid,2 months ago
470th,Flabby-chan,37m 24s 070ms,37m 22s 020ms,1.16.1,Easy,F3,JellySquid,5 months ago
471st,ShadesU,37m 22s,37m 22s 045ms,1.16.1,Easy,F3,JellySquid,2 months ago
472nd,Libruh,37m 24s 000ms,37m 24s 000ms,1.16.1,Easy,F3,Vanilla,1 week ago
473rd,Realc14,37m 31s 100ms,37m 31s 100ms,1.16.1,Normal,F3,JellySquid,4 weeks ago
474th,mayaaaaa,37m 31s 720ms,37m 31s 600ms,1.16.1,Normal,F3,Vanilla,4 months ago
475th,ChiefKeefProlix,37m 33s 700ms,37m 33s 700ms,1.16.1,Easy,F3,Vanilla,3 weeks ago
476th,rinnyginny,37m 47s 061ms,37m 39s 010ms,1.16.1,Easy,F3,JellySquid,2 months ago
477th,cediehere,37m 43s 005ms,37m 43s 050ms,1.16.1,Easy,F3,JellySquid,2 weeks ago
478th,HitThings1114,37m 45s 690ms,37m 45s 690ms,1.16.1,Normal,F3,JellySquid,1 month ago
479th,lost_chromosome,37m 47s 050ms,37m 47s 050ms,1.16,Normal,No F3,Vanilla,5 months ago
480th,BTMC,37m 57s 500ms,37m 57s 500ms,1.16.1,Normal,No F3,Vanilla,1 week ago
481st,Minos_L2b,38m 10s 020ms,37m 57s 700ms,1.16.1,Easy,F3,JellySquid,3 weeks ago
482nd,paramt,38m 20s 000ms,38m 03s 000ms,1.16,Easy,F3,JellySquid,1 month ago
483rd,FortNova,38m 06s 890ms,38m 06s 890ms,1.16.1,Easy,F3,Vanilla,1 month ago
484th,AtoyK,40m 04s 770ms,38m 07s 500ms,1.16.1,Normal,F3,JellySquid,4 months ago
485th,CoolKumquat,38m 43s 280ms,38m 09s 150ms,1.16.1,Normal,F3,Vanilla,5 months ago
486th,Landydust,38m 11s 022ms,38m 10s 025ms,1.16.1,Easy,F3,Vanilla,2 months ago
487th,Shibez,38m 11s 096ms,38m 11s,1.16.4,Easy,F3,Vanilla,1 month ago
488th,FalseLord,38m 19s 760ms,38m 19s 760ms,1.16.1,Normal,F3,Vanilla,5 months ago
489th,trinitytay,43m 46s 043ms,38m 22s 060ms,1.16.1,Easy,F3,Vanilla,2 months ago
490th,Epicker,38m 30s 620ms,38m 29s,1.16.1,Easy,F3,Vanilla,1 week ago
491st,B8A,38m 31s 092ms,38m 31s 092ms,1.16.1,Normal,F3,JellySquid,2 months ago
492nd,McJerry,38m 34s,38m 34s,1.16.1,Easy,F3,Optifine,5 months ago
493rd,Dido_D,38m 36s 720ms,38m 36s 400ms,1.16.1,Easy,F3,JellySquid,1 month ago
494th,wxpu,38m 37s 050ms,38m 37s 050ms,1.16.1,Normal,F3,JellySquid,1 month ago
495th,tinsoning,38m 58s 567ms,38m 38s 050ms,1.16.1,Normal,F3,Vanilla,2 weeks ago
496th,OgmoeForReal,38m 40s 800ms,38m 40s 800ms,1.16.1,Normal,F3,JellySquid,2 months ago
497th,torjusik2,38m 41s 097ms,38m 41s 097ms,1.16.1,Easy,F3,JellySquid,2 months ago
498th,LMBlaze,38m 42s 037ms,38m 42s 037ms,1.16.1,Normal,F3,Vanilla,2 months ago
499th,MasterG,39m 04s 610ms,38m 45s 950ms,1.16.1,Normal,F3,JellySquid,2 months ago
500th,KingOfP1zza,38m 50s 055ms,38m 50s 055ms,1.16.1,Normal,F3,JellySquid,5 months ago
501st,Bamis,38m 53s 033ms,38m 53s 033ms,1.16.1,Easy,F3,Vanilla,2 months ago
502nd,Reddfy,38m 54s 230ms,38m 54s 230ms,1.16.1,Easy,F3,JellySquid,2 weeks ago
503rd,immaZebrah,38m 54s 410ms,38m 54s 410ms,1.16.1,Easy,F3,Vanilla,2 months ago
504th,Diskylox,39m 00s,39m 00s,1.16.1,Normal,F3,Vanilla,1 month ago
505th,YoshiMT,39m 01s 050ms,39m 01s 050ms,1.16.1,Easy,F3,JellySquid,1 month ago
506th,Arhimond1998,39m 19s,39m 03s 065ms,1.16.1,Easy,,Vanilla,1 month ago
507th,Kolbz_,39m 03s 079ms,39m 03s 079ms,1.16.1,Easy,F3,Vanilla,1 month ago
508th,AverageArcadian,39m 46s 061ms,39m 06s 015ms,1.16.1,Easy,F3,JellySquid,1 month ago
509th,ohmods,38m 59s,39m 07s,1.16.1,Easy,F3,JellySquid,1 month ago
510th,Gaukh,39m 30s 020ms,39m 08s 850ms,1.16.1,Normal,F3,JellySquid,4 months ago
511th,GeovaTheLegend,42m 16s 033ms,39m 10s 050ms,1.16.1,Normal,F3,Optifine,5 months ago
512th,TheLucass,39m 21s,39m 11s,1.16.1,Normal,F3,JellySquid,3 months ago
513th,Chaosflo44,39m 12s 046ms,39m 12s 046ms,1.16.1,Easy,F3,JellySquid,1 week ago
514th,HeresJohnny,41m 32s 870ms,39m 13s 200ms,1.16.1,Easy,F3,Vanilla,1 week ago
515th,JarJarBen,39m 17s 820ms,39m 13s 600ms,1.16.1,Easy,F3,JellySquid,2 weeks ago
516th,MrSmilesss,40m 57s 930ms,39m 15s,1.16.1,Easy,F3,JellySquid,2 weeks ago
517th,luca1855,39m 21s 090ms,39m 21s 090ms,1.16.1,Easy,F3,Vanilla,6 months ago
518th,aceidien,39m 25s 045ms,39m 25s 045ms,1.16.1,Normal,F3,Vanilla,4 months ago
519th,ImJustJR,39m 25s 090ms,39m 25s 090ms,1.16.1,Hard,F3,JellySquid,2 months ago
520th,ElaMeTrataDif,40m 37s 960ms,39m 25s 650ms,1.16.1,Easy,F3,JellySquid,2 weeks ago
521st,Flootow,39m 29s 210ms,39m 29s 210ms,1.16.1,Hardcore,F3,Vanilla,6 months ago
522nd,FinestPigeon,40m 08s 710ms,39m 38s 600ms,1.16.1,Easy,F3,JellySquid,3 weeks ago
523rd,saturno_,39m 40s 081ms,39m 40s 081ms,1.16.1,Easy,F3,Vanilla,1 month ago
524th,EmpireKills702,39m 40s 690ms,39m 40s 690ms,1.16.1,Normal,F3,JellySquid,2 months ago
525th,Keima,40m 22s 510ms,39m 47s 100ms,1.16.1,Easy,F3,Vanilla,2 weeks ago
526th,Hashten,39m 57s 068ms,39m 50s 022ms,1.16.1,Normal,F3,Vanilla,4 months ago
527th,KacperBazan,,39m 50s 035ms,1.16.1,Easy,F3,JellySquid,1 month ago
528th,Atzumi,39m 50s 040ms,39m 50s 040ms,1.16.1,Easy,F3,JellySquid,2 weeks ago
529th,MarceLOL,40m 23s 026ms,39m 50s 065ms,1.16.1,Easy,F3,JellySquid,1 month ago
530th,Kudoclvsm,39m 51s 037ms,39m 51s 023ms,1.16.1,Normal,F3,Vanilla,3 months ago
531st,HandsomeSquid,39m 56s,39m 56s,1.16.1,Normal,F3,Optifine,4 months ago
532nd,Riskwastaken,39m 56s 280ms,39m 56s 280ms,1.16.1,Normal,F3,JellySquid,4 months ago
533rd,Fedexcool24,40m 05s,40m 05s,1.16.1,Easy,F3,JellySquid,2 months ago
534th,Yakso,40m 07s 042ms,40m 07s 042ms,1.16.1,Normal,F3,Vanilla,3 months ago
535th,ZacKHD,41m 34s 040ms,40m 09s 900ms,1.16.1,Normal,F3,JellySquid,1 week ago
536th,CoffeeBeanPie,40m 22s 280ms,40m 09s 950ms,1.16.1,Normal,F3,JellySquid,2 months ago
537th,Nebbeth,40m 14s,40m 14s,1.16.1,Normal,F3,Vanilla,3 months ago
538th,Smartdog25,40m 15s 097ms,40m 15s 097ms,1.16.1,Easy,F3,Vanilla,2 months ago
539th,rf.,40m 17s 320ms,40m 17s 320ms,1.16.1,Normal,F3,JellySquid,2 weeks ago
540th,NBALVARO,40m 30s 071ms,40m 19s 035ms,1.16.1,Easy,F3,JellySquid,1 month ago
541st,POTATO_AIM,44m 00s 520ms,40m 19s 100ms,1.16.1,Easy,F3,Vanilla,2 months ago
542nd,sonic051,40m 30s 037ms,40m 30s 037ms,1.16.1,Normal,F3,Vanilla,5 months ago
543rd,spaghettspoon,40m 32s,40m 32s,1.16.1,Easy,F3,Vanilla,6 months ago
544th,Jayjay370,40m 35s 483ms,40m 35s 483ms,1.16.1,Easy,F3,Vanilla,1 month ago
545th,heymate,42m 23s 170ms,40m 37s 650ms,1.16.1,Easy,F3,JellySquid,1 month ago
546th,Ravn_T,40m 40s 050ms,40m 40s 050ms,1.16.1,Easy,F3,JellySquid,3 months ago
547th,Maximium,40m 50s 043ms,40m 46s 043ms,1.16.1,Easy,F3,Vanilla,2 months ago
548th,dbowzer,40m 50s 500ms,40m 50s 500ms,1.16.1,Easy,F3,Vanilla,1 week ago
549th,Nevv,40m 52s 360ms,40m 52s 360ms,1.16.1,Normal,F3,JellySquid,5 months ago
550th,Wosh_,42m 03s 665ms,40m 56s 150ms,1.16.1,Easy,F3,JellySquid,2 weeks ago
551st,KirbyKareem,41m 06s 760ms,41m 06s 760ms,1.16.1,Normal,F3,JellySquid,5 months ago
552nd,Ennae,41m 14s 081ms,41m 11s 082ms,1.16.1,Normal,F3,Vanilla,2 months ago
553rd,Xandergoose,41m 11s 610ms,41m 11s 610ms,1.16.1,Easy,No F3,Vanilla,1 month ago
554th,Lordieee,41m 20s 068ms,41m 20s 039ms,1.16.1,Normal,No F3,JellySquid,3 months ago
555th,Justin_,41m 21s 310ms,41m 21s 310ms,1.16.1,Easy,F3,JellySquid,3 weeks ago
556th,yuralian,41m 23s 055ms,41m 23s 055ms,1.16.1,Easy,F3,Vanilla,5 months ago
557th,Kudzucrew,41m 28s 250ms,41m 26s 490ms,1.16.1,Normal,F3,JellySquid,5 months ago
558th,Zeppir,41m 29s 110ms,41m 27s 500ms,1.16.1,Normal,F3,Optifine,5 months ago
559th,mikisf,45m 03s 460ms,41m 29s 600ms,1.16.1,Normal,F3,Vanilla,2 weeks ago
560th,AquaticPickler,41m 38s 088ms,41m 31s 015ms,1.16.1,Easy,F3,Vanilla,1 week ago
561st,SALSomatiko,41m 36s 860ms,41m 36s 860ms,1.16.1,Easy,F3,Vanilla,4 months ago
562nd,Flashrex,41m 42s 029ms,41m 42s 029ms,1.16.1,Normal,F3,JellySquid,2 months ago
563rd,king_kelp,41m 58s 880ms,41m 49s 550ms,1.16.1,Easy,F3,JellySquid,2 months ago
564th,JawlessPanda,42m 53s 480ms,41m 50s 400ms,1.16.1,Normal,F3,Optifine,5 months ago
565th,nicknotnich,42m 24s 039ms,41m 51s 070ms,1.16.1,Easy,F3,JellySquid,2 months ago
566th,ellisg56,41m 56s 333ms,41m 56s 333ms,1.16.1,Easy,F3,Vanilla,3 weeks ago
567th,Agika,41m 57s 430ms,41m 57s 430ms,1.16.1,Easy,F3,JellySquid,4 months ago
568th,RybakOwO,42m 08s 042ms,41m 59s 025ms,1.16.1,Normal,F3,JellySquid,3 months ago
569th,EnergyIQ,42m 02s 500ms,42m 02s 500ms,1.16.1,Easy,F3,JellySquid,3 weeks ago
570th,Alecksss,42m 05s 015ms,42m 05s 015ms,1.16.1,Normal,F3,Vanilla,2 weeks ago
571st,Pink_Raven,42m 14s 050ms,42m 10s 065ms,1.16.1,Normal,F3,Vanilla,1 month ago
572nd,Yuuumei,42m 28s 240ms,42m 21s 200ms,1.16.1,Normal,F3,Vanilla,1 month ago
573rd,IdentityCrisis,42m 36s 230ms,42m 25s 050ms,1.16.1,Easy,F3,Vanilla,2 months ago
574th,Katnapz,44m 28s 500ms,42m 27s 085ms,1.16.1,Easy,F3,JellySquid,2 weeks ago
575th,ItsPete,42m 28s 024ms,42m 28s 024ms,1.16.1,Normal,F3,Vanilla,4 months ago
576th,Enthry,42m 34s 500ms,42m 34s 500ms,1.16.1,Normal,F3,Optifine,5 months ago
577th,mountang,43m 03s 890ms,42m 35s 450ms,1.16.1,Easy,F3,JellySquid,1 week ago
578th,Phazer,42m 45s 760ms,42m 43s 850ms,1.16.1,Easy,F3,Vanilla,1 month ago
579th,Waknart,42m 49s 052ms,42m 46s 060ms,1.16.1,Normal,No F3,Vanilla,2 months ago
580th,Memeio,42m 51s 133ms,42m 48s 983ms,1.16.1,Easy,F3,Optifine,5 months ago
581st,MultiverseMeep,42m 49s 370ms,42m 49s 370ms,1.16.1,Normal,F3,Vanilla,6 months ago
582nd,Jessoup,42m 51s 069ms,42m 50s 079ms,1.16.1,Easy,F3,Vanilla,2 months ago
583rd,syrup__,42m 56s,42m 56s,1.16.1,Easy,F3,Vanilla,4 months ago
584th,TendingSea1,42m 57s 191ms,42m 57s 191ms,1.16.1,Normal,F3,Vanilla,1 month ago
585th,OrbsWasTaken,43m 02s 770ms,42m 58s 450ms,1.16.1,Easy,F3,JellySquid,1 month ago
586th,Slapstickers,43m 01s 015ms,43m 01s 015ms,1.16.1,Easy,F3,Vanilla,1 month ago
587th,SkapYT,43m 01s 180ms,43m 01s 180ms,1.16.1,Normal,F3,Optifine,5 months ago
588th,JanLive,43m 55s 045ms,43m 03s 025ms,1.16.1,Normal,F3,JellySquid,1 month ago
589th,midnightcaw,42m 53s 380ms,43m 05s 950ms,1.16.1,Easy,F3,JellySquid,5 months ago
590th,Fiflaczyn,43m 07s,43m 07s,1.16.1,Normal,F3,Optifine,4 months ago
591st,OABL,43m 07s 049ms,43m 07s 049ms,1.16.1,Normal,F3,JellySquid,4 months ago
592nd,HappyFaceGames,43m 07s,43m 10s 850ms,1.16.1,Easy,F3,Vanilla,2 weeks ago
593rd,PaoloAR,43m 14s 007ms,43m 11s 080ms,1.16.1,Easy,F3,JellySquid,2 months ago
594th,Battlenus1,43m 11s 740ms,43m 11s 740ms,1.16.1,Normal,F3,Vanilla,4 months ago
595th,nynahnina,43m 12s,43m 12s,1.16.1,Easy,F3,Vanilla,6 months ago
596th,Torvvus,43m 13s 032ms,43m 13s 032ms,1.16.1,Easy,F3,JellySquid,4 months ago
597th,sailo93,43m 17s 011ms,43m 17s 011ms,1.16.1,Easy,F3,JellySquid,2 months ago
598th,nastyplot,43m 23s 923ms,43m 20s 655ms,1.16.1,Normal,F3,Vanilla,6 months ago
599th,Markesz7,43m 48s 580ms,43m 20s 950ms,1.16.1,Normal,F3,JellySquid,4 months ago
600th,1JLTG,44m 24s,43m 23s,1.16.1,Normal,F3,Optifine,5 months ago
601st,Aver005,43m 24s 037ms,43m 24s 037ms,1.16.1,Normal,F3,Vanilla,5 months ago
602nd,condronk,43m 27s,43m 27s,1.16.1,Normal,F3,Vanilla,4 months ago
603rd,towdan,43m 28s 130ms,43m 28s 130ms,1.16.1,Easy,F3,Vanilla,3 weeks ago
604th,FatalEA,43m 30s 002ms,43m 30s 002ms,1.16.1,Easy,F3,JellySquid,2 months ago
605th,Change,43m 32s 066ms,43m 32s 066ms,1.16.1,Normal,F3,JellySquid,2 months ago
606th,Teraktet,43m 41s 780ms,43m 36s 379ms,1.16.1,Normal,F3,Vanilla,1 month ago
607th,Papjer,43m 39s 420ms,43m 39s 420ms,1.16.1,Normal,F3,Vanilla,5 months ago
608th,Squeegeerunner,43m 51s 830ms,43m 48s 950ms,1.16.1,Easy,F3,JellySquid,2 months ago
609th,Portalfreek,43m 51s 380ms,43m 49s 400ms,1.16.1,Easy,F3,Vanilla,1 month ago
610th,GamingLand,43m 59s 420ms,43m 51s 250ms,1.16.1,Easy,F3,JellySquid,2 weeks ago
611th,No1Toaster,43m 51s 870ms,43m 51s 870ms,1.16.1,Normal,F3,Vanilla,5 months ago
612th,cheemsta,45m 23s 046ms,43m 54s 015ms,1.16.1,Normal,F3,JellySquid,2 months ago
613th,ManOfTheOreo,44m 16s 040ms,43m 56s 700ms,1.16.1,Normal,F3,JellySquid,4 weeks ago
614th,TSARGOVNIDOS,44m 01s 360ms,43m 58s 100ms,1.16.1,Easy,F3,JellySquid,4 months ago
615th,Killer-Spliff,44m 10s 073ms,44m 01s 005ms,1.16.1,Easy,F3,JellySquid,1 month ago
616th,drimys,44m 15s,44m 15s,1.16.1,Easy,F3,Vanilla,3 months ago
617th,MunkeyVision,44m 17s,44m 17s,1.16.1,Easy,F3,Vanilla,4 months ago
618th,LAARK,44m 21s,44m 21s,1.16.1,Normal,,JellySquid,5 months ago
619th,mechadoodle,44m 22s 088ms,44m 23s,1.16.1,Easy,F3,Vanilla,2 weeks ago
620th,batatowisk08,44m 47s,44m 24s 100ms,1.16.1,Normal,F3,JellySquid,2 weeks ago
621st,Melizsa,49m 40s 082ms,44m 30s 300ms,1.16.1,Easy,F3,JellySquid,2 weeks ago
622nd,flipper1617,44m 31s 081ms,44m 31s 081ms,1.16.1,Easy,F3,Vanilla,2 months ago
623rd,HanDerIsak,44m 40s 007ms,44m 31s 085ms,1.16.1,Easy,F3,Vanilla,2 months ago
624th,Jamfjr,44m 37s 040ms,44m 35s 038ms,1.16.1,Normal,F3,Vanilla,5 months ago
625th,Tadkheen,44m 40s 100ms,44m 40s 100ms,1.16.1,Easy,F3,Vanilla,1 month ago
626th,Fragg_,45m 14s 077ms,44m 51s 020ms,1.16.1,Easy,F3,Vanilla,1 month ago
627th,SethBling,45m 03s,44m 54s,1.16.1,Easy,F3,Vanilla,2 months ago
628th,sowurai,46m 24s,44m 57s 027ms,1.16.1,Normal,F3,JellySquid,1 month ago
629th,Seanomunyango,45m 10s,44m 59s,1.16.1,Normal,F3,JellySquid,4 months ago
630th,SirLexita,45m 07s 500ms,45m 07s 500ms,1.16.1,Normal,F3,JellySquid,3 weeks ago
631st,esprs123,45m 17s,45m 17s,1.16.1,Easy,F3,Vanilla,4 months ago
632nd,vNameless,45m 33s,45m 33s,1.16.1,Easy,F3,Vanilla,4 months ago
633rd,Adenosine_TP,45m 43s 130ms,45m 34s 500ms,1.16.1,Easy,F3,JellySquid,4 months ago
634th,InfernoMartyr,45m 41s 087ms,45m 41s 087ms,1.16.1,Easy,F3,JellySquid,1 month ago
635th,SpeeIsKey,45m 43s 340ms,45m 43s 340ms,1.16.1,Normal,F3,Vanilla,3 weeks ago
636th,Khinganan,45m 45s,45m 44s,1.16.1,Normal,F3,Vanilla,2 months ago
637th,Plus,45m 45s 000ms,45m 45s 000ms,1.16.1,Easy,No F3,Optifine,6 months ago
638th,brccoli,45m 52s,45m 52s,1.16.1,Normal,F3,Optifine,4 months ago
639th,Simocos,45m 57s 900ms,45m 57s 070ms,1.16.1,Easy,F3,JellySquid,2 weeks ago
640th,UltraBot,46m 05s,46m 05s,1.16.1,Easy,F3,Vanilla,2 months ago
640th,TisThunder,46m 19s,46m 05s,1.16.1,Easy,F3,Vanilla,5 months ago
642nd,Yoshi14502,46m 10s 025ms,46m 10s 025ms,1.16.1,Normal,F3,Vanilla,3 months ago
643rd,Neither7,46m 12s 810ms,46m 12s 100ms,1.16.1,Easy,F3,Vanilla,1 month ago
644th,Colemaner,46m 26s 030ms,46m 26s 030ms,1.16.1,Normal,F3,Vanilla,4 months ago
645th,Zenswell,47m 34s 063ms,46m 27s 350ms,1.16.1,Normal,F3,Vanilla,1 month ago
646th,PBHotdog,46m 37s 053ms,46m 34s 041ms,1.16.1,Normal,F3,Vanilla,5 months ago
647th,rudylmao,46m 38s 015ms,46m 38s 015ms,1.16.1,Normal,F3,JellySquid,2 months ago
648th,Kentup39,46m 42s,46m 42s,1.16.1,Easy,F3,Optifine,5 months ago
649th,NotRiver62,46m 42s 890ms,46m 42s 890ms,1.16.1,Normal,F3,JellySquid,3 weeks ago
650th,TheJumpingFlame,46m 58s 590ms,46m 58s 590ms,1.16.1,Easy,F3,JellySquid,2 weeks ago
651st,MorniSleva,47m 32s 096ms,46m 59s 050ms,1.16.1,Easy,F3,Vanilla,1 month ago
652nd,TrashPanda70,47m 01s 005ms,47m 03s,1.16.1,Normal,F3,Vanilla,5 months ago
652nd,Adrenaliyn,47m 03s,47m 03s,1.16.1,Normal,F3,Vanilla,4 months ago
654th,cherry_blossom_image,47m 04s,47m 04s,1.16.1,Normal,F3,Optifine,5 months ago
655th,PoikaU,47m 13s 490ms,47m 07s 850ms,1.16.1,Normal,F3,Vanilla,3 months ago
656th,CrayZeei,47m 51s 400ms,47m 13s 500ms,1.16.1,Easy,F3,JellySquid,4 months ago
657th,BigRocket,47m 56s 025ms,47m 24s,1.16.1,Easy,F3,Vanilla,1 month ago
658th,ElRichi,47m 27s 300ms,47m 27s 300ms,1.16.1,Easy,F3,JellySquid,4 weeks ago
659th,ImTooFlimzy,49m 48s,47m 34s 039ms,1.16.1,Easy,F3,Vanilla,2 months ago
660th,itz_tophinator,47m 32s 490ms,47m 34s 850ms,1.16.1,Easy,F3,JellySquid,1 month ago
661st,NRGFlare,47m 34s 980ms,47m 34s 980ms,1.16.1,Easy,F3,JellySquid,4 months ago
662nd,nyate,47m 35s,47m 35s,1.16.1,Easy,F3,JellySquid,1 month ago
663rd,davidsochill,47m 49s,47m 39s 100ms,1.16.1,Easy,F3,Vanilla,2 months ago
664th,YaBoiJSmith,47m 46s,47m 40s,1.16.1,Normal,F3,Optifine,5 months ago
665th,trashu,47m 44s 080ms,47m 44s 080ms,1.16.1,Normal,F3,Vanilla,5 months ago
666th,Kiw1fruits,47m 47s 032ms,47m 47s 032ms,1.16.1,Normal,F3,Vanilla,3 months ago
667th,Millzord,47m 49s 820ms,47m 49s 820ms,1.16.1,Easy,F3,Vanilla,2 months ago
668th,Krysetic,47m 57s 039ms,47m 53s,1.16.1,Normal,F3,Vanilla,2 months ago
669th,Vanzuylen,48m 30s,47m 58s,1.16.1,Normal,,Vanilla,3 months ago
670th,Atlb_,48m 01s 160ms,47m 58s 800ms,1.16.1,Easy,F3,JellySquid,3 weeks ago
671st,soymoi,48m 11s 460ms,48m 03s 550ms,1.16.1,Easy,F3,Vanilla,1 month ago
672nd,Tomerino,48m 15s 099ms,48m 06s,1.16.1,Normal,F3,Optifine,5 months ago
673rd,skitzwah,48m 09s 520ms,48m 09s 520ms,1.16.1,Normal,F3,Vanilla,5 months ago
674th,WillPending,48m 11s 760ms,48m 11s 760ms,1.16.1,Easy,F3,Vanilla,4 weeks ago
675th,McGengar,,48m 13s 350ms,1.16,Normal,F3,Vanilla,4 months ago
676th,Junidia,48m 17s 600ms,48m 17s 600ms,1.16.1,Normal,F3,Vanilla,4 weeks ago
677th,colouredpencil,48m 18s 150ms,48m 18s 150ms,1.16.1,Hardcore,F3,Vanilla,5 months ago
678th,1nfinite,48m 22s,48m 22s,1.16.1,Normal,No F3,Optifine,5 months ago
679th,Preyz,48m 27s 036ms,48m 24s 050ms,1.16.1,Easy,F3,Vanilla,2 months ago
680th,uGuardian,48m 43s 063ms,48m 25s 030ms,1.16,Easy,F3,Vanilla,1 month ago
681st,Dogau,48m 27s,48m 27s,1.16.1,Normal,F3,Vanilla,1 month ago
682nd,Fir3Mix,48m 28s 081ms,48m 28s 081ms,1.16.1,Easy,F3,JellySquid,2 months ago
683rd,Jack0fHearts,48m 35s,48m 35s,1.16.1,Normal,No F3,Vanilla,5 months ago
684th,patwilson,48m 42s,48m 36s,1.16.1,Normal,F3,Vanilla,3 months ago
685th,Smiti,48m 58s 180ms,48m 42s 450ms,1.16.1,Normal,F3,Vanilla,2 weeks ago
686th,AndyBeThoomin,49m 00s 890ms,49m 00s 890ms,1.16.1,Easy,F3,JellySquid,3 months ago
687th,FlashStar101,54m 27s 700ms,49m 10s 200ms,1.16.1,Normal,F3,Vanilla,2 months ago
688th,ItsAtaraxy,49m 21s 200ms,49m 13s 005ms,1.16.1,Easy,F3,Vanilla,2 months ago
689th,TommyHoskins,49m 13s 059ms,49m 13s 059ms,1.16.1,Easy,F3,Vanilla,2 months ago
690th,JesseJames37,49m 51s 500ms,49m 20s 300ms,1.16.1,Normal,F3,Vanilla,3 weeks ago
691st,Wevoon,49m 20s 660ms,49m 20s 660ms,1.16.1,Easy,F3,Vanilla,2 months ago
692nd,Stanley_TV,49m 21s 740ms,49m 21s 740ms,1.16.1,Normal,F3,JellySquid,5 months ago
693rd,BashBomb,49m 23s 520ms,49m 23s 520ms,1.16.4,Normal,F3,JellySquid,1 month ago
694th,KikloP,49m 28s 090ms,49m 28s 090ms,1.16.1,Easy,F3,JellySquid,1 month ago
695th,Sturge,49m 33s 095ms,49m 29s 090ms,1.16.1,Normal,F3,Vanilla,3 months ago
696th,LJayPyLy,49m 33s,49m 33s,1.16.1,Normal,F3,Vanilla,4 months ago
697th,Doctre_Sween,49m 52s 081ms,49m 33s 020ms,1.16.1,Easy,F3,Vanilla,1 month ago
698th,Matixdg,49m 48s 092ms,49m 41s 550ms,1.16.1,Normal,F3,Optifine,5 months ago
699th,PikaWoof,50m 10s 800ms,49m 49s 560ms,1.16.1,Easy,F3,Vanilla,5 months ago
700th,NonChispon,50m 24s 050ms,50m 04s,1.16.1,Easy,F3,Vanilla,2 months ago
701st,thodoris254,50m 13s 100ms,50m 05s 250ms,1.16.1,Normal,F3,Vanilla,5 months ago
702nd,Aleksa_V,50m 07s 500ms,50m 07s 500ms,1.16.1,Easy,F3,JellySquid,1 month ago
703rd,OscillatingOcelots,51m 09s 650ms,50m 11s 800ms,1.16.1,Easy,F3,JellySquid,2 months ago
704th,JBCBOSS,50m 22s 552ms,50m 14s 950ms,1.16.1,Easy,F3,JellySquid,3 weeks ago
705th,baq,50m 16s,50m 16s,1.16.1,Easy,No F3,Vanilla,1 month ago
706th,CozyBTW,50m 24s 740ms,50m 23s 050ms,1.16.1,Normal,F3,Vanilla,2 months ago
707th,Bigfatpengo,50m 24s 042ms,50m 24s 042ms,1.16.1,Easy,F3,Vanilla,5 months ago
708th,JamesDash,51m 07s,50m 24s 057ms,1.16.1,Easy,F3,Vanilla,1 month ago
709th,PandapigGamer,50m 47s 001ms,50m 38s 045ms,1.16.1,Normal,F3,Vanilla,1 month ago
710th,Craselin,50m 39s 060ms,50m 39s 060ms,1.16.1,Normal,F3,Vanilla,4 months ago
711th,Olinequ,50m 40s,50m 40s,1.16.1,Normal,F3,Vanilla,5 months ago
712th,Schleem,50m 56s 085ms,50m 56s 085ms,1.16.1,Easy,F3,Vanilla,2 months ago
713th,Tomatobird8,50m 57s 380ms,50m 57s,1.16.1,Easy,No F3,JellySquid,3 months ago
714th,Evvz,51m 01s,50m 58s,1.16.1,Easy,F3,Vanilla,6 months ago
715th,cubfan135,51m 06s 533ms,51m 06s 533ms,1.16.1,Easy,F3,JellySquid,3 weeks ago
716th,JacobQc,51m 10s,51m 08s,1.16.1,Easy,F3,Vanilla,2 months ago
717th,Treyfes3,51m 09s 740ms,51m 09s 740ms,1.16.1,Easy,F3,Vanilla,2 weeks ago
718th,Ian_Me4,51m 11s 063ms,51m 11s 033ms,1.16.1,Easy,F3,Vanilla,1 month ago
719th,TMBeats,51m 15s 043ms,51m 16s 040ms,1.16.3,Easy,F3,Vanilla,2 months ago
720th,ZurdoLo,51m 16s 064ms,51m 16s 064ms,1.16.1,Easy,F3,Vanilla,2 months ago
721st,HorrorDoesSpeedRuns,51m 25s 500ms,51m 17s 350ms,1.16.1,Easy,F3,JellySquid,3 months ago
722nd,Natani_K,51m 34s 410ms,51m 21s 970ms,1.16.1,Easy,F3,Vanilla,1 month ago
723rd,Henwy,51m 32s 016ms,51m 32s 016ms,1.16.1,Normal,F3,Vanilla,5 months ago
724th,luseho,51m 33s 085ms,51m 33s 085ms,1.16.1,Normal,F3,Vanilla,1 month ago
725th,SwiftRift,51m 36s 047ms,51m 36s 047ms,1.16.1,Easy,F3,Vanilla,2 months ago
726th,Bradam,53m 04s,51m 37s 250ms,1.16.1,Easy,F3,Vanilla,5 months ago
727th,JoshFeffy,51m 38s 098ms,51m 38s 098ms,1.16,Easy,F3,JellySquid,1 month ago
728th,Cluekas,51m 49s 093ms,51m 40s 045ms,1.16.1,Easy,F3,JellySquid,2 months ago
729th,jackko_tv,51m 44s 011ms,51m 44s 011ms,1.16.1,Normal,F3,Optifine,5 months ago
730th,Zappo_OnGfuel,52m 08s 160ms,51m 53s 400ms,1.16.1,Easy,F3,JellySquid,2 weeks ago
731st,SniVanov,52m 01s 930ms,52m 01s 930ms,1.16.1,Easy,F3,Optifine,5 months ago
732nd,Turton,52m 25s 004ms,52m 03s 060ms,1.16.1,Normal,F3,Vanilla,3 months ago
733rd,Isaaaac,52m 04s 120ms,52m 04s 120ms,1.16.1,Normal,F3,Optifine,5 months ago
734th,JihKim,52m 06s 009ms,52m 06s 009ms,1.16.1,Normal,F3,Vanilla,5 months ago
735th,LyrixIsSoCruel,52m 19s 080ms,52m 15s 750ms,1.16.1,Easy,F3,JellySquid,2 months ago
736th,averageteencuber,52m 16s 932ms,52m 16s 932ms,1.16.1,Normal,F3,JellySquid,2 weeks ago
737th,horizonz_,52m 20s,52m 20s,1.16.1,Easy,F3,Optifine,4 months ago
738th,aeonlamb,52m 36s 055ms,52m 33s 020ms,1.16.1,Easy,F3,JellySquid,1 month ago
739th,samo2406,52m 33s 700ms,52m 33s 700ms,1.16,Easy,F3,JellySquid,1 month ago
740th,rekt_solar_beam,52m 36s 000ms,52m 36s 000ms,1.16.1,Normal,F3,JellySquid,1 month ago
741st,OmegaCraftable,52m 44s,52m 36s 750ms,1.16.1,Easy,F3,JellySquid,2 weeks ago
742nd,Yozerman,52m 43s 051ms,52m 43s 051ms,1.16.1,,,Vanilla,3 months ago
743rd,Krinios,52m 47s 005ms,52m 47s 005ms,1.16.1,Easy,F3,Optifine,5 months ago
744th,Barje,52m 47s 820ms,52m 47s 820ms,1.16.1,Easy,F3,Vanilla,1 month ago
745th,tutek1,53m 05s 010ms,53m 00s 050ms,1.16.3,Normal,F3,Vanilla,2 months ago
746th,MagmaCaliburX,53m 13s 200ms,53m 05s 370ms,1.16.1,Easy,F3,Vanilla,1 month ago
747th,arcticawolf,53m 06s 340ms,53m 06s 340ms,1.16.1,Easy,F3,Vanilla,5 months ago
748th,Babbler,53m 19s,53m 19s,1.16.1,Easy,F3,Optifine,5 months ago
749th,Trizze,53m 21s 061ms,53m 21s 061ms,1.16.1,Normal,F3,Vanilla,5 months ago
750th,purplEric,53m 22s,53m 22s,1.16.1,Normal,F3,Optifine,4 months ago
751st,wadm8,54m 15s 075ms,53m 34s 560ms,1.16.1,Easy,F3,Vanilla,1 month ago
752nd,dbk69,53m 38s 760ms,53m 38s 760ms,1.16.1,Easy,F3,Vanilla,1 month ago
753rd,Fetchi,53m 49s 130ms,53m 42s 200ms,1.16.1,Easy,F3,Vanilla,3 weeks ago
754th,Lidia,53m 57s 093ms,53m 57s 090ms,1.16.1,Easy,F3,Vanilla,1 month ago
755th,richodude,53m 59s 300ms,53m 59s 300ms,1.16.1,Easy,F3,Vanilla,3 weeks ago
756th,fredzio,54m 09s 200ms,54m 09s 200ms,1.16.1,Normal,F3,JellySquid,3 months ago
757th,zce,55m 10s 059ms,54m 10s 059ms,1.16.1,Easy,F3,Optifine,5 months ago
758th,PurplePython01,54m 14s 310ms,54m 12s 500ms,1.16.1,Normal,No F3,Optifine,5 months ago
759th,kuller_117,54m 28s 650ms,54m 28s 650ms,1.16.1,Normal,F3,Vanilla,5 months ago
760th,trisimail,54m 32s 007ms,54m 32s 007ms,1.16.1,Normal,F3,Vanilla,3 months ago
761st,HuggyMuggy,54m 35s,54m 35s,1.16.1,Easy,F3,JellySquid,5 months ago
762nd,VikingPilot,54m 44s 035ms,54m 44s 035ms,1.16.1,Normal,F3,Vanilla,4 months ago
763rd,AA_33,54m 46s 330ms,54m 47s 100ms,1.16.1,Normal,F3,Vanilla,2 months ago
764th,DuskL,54m 53s 200ms,54m 53s 200ms,1.16.1,Normal,F3,Vanilla,2 months ago
765th,Nic11,54m 54s 717ms,54m 54s 717ms,1.16.1,Normal,F3,Vanilla,2 months ago
766th,Phio,55m 10s 033ms,54m 59s 095ms,1.16.1,Easy,F3,JellySquid,2 months ago
767th,Ziggy808,55m 04s,55m 04s,1.16.1,Normal,F3,Vanilla,5 months ago
768th,Abstuz,55m 31s 920ms,55m 10s 750ms,1.16.1,Normal,F3,JellySquid,1 week ago
769th,Bkorth10,55m 18s 072ms,55m 12s,1.16.3,Easy,F3,Vanilla,2 months ago
770th,ImEduardoAG,55m 14s 660ms,55m 14s 660ms,1.16.4,Easy,F3,Vanilla,1 month ago
771st,mattress,55m 15s 079ms,55m 15s 079ms,1.16.1,Normal,No F3,Vanilla,3 months ago
772nd,Penguin1209,55m 33s 980ms,55m 15s 400ms,1.16.1,Easy,F3,Vanilla,1 month ago
773rd,CygnusGD,,55m 18s 500ms,1.16.1,Normal,F3,JellySquid,4 months ago
774th,Maxar45004,55m 21s 075ms,55m 21s 075ms,1.16.3,Hard,F3,Vanilla,1 month ago
775th,Ryanminec,55m 22s,55m 22s,1.16.1,Normal,F3,Vanilla,4 months ago
776th,SweepJT,55m 51s 200ms,55m 27s 160ms,1.16.1,Easy,F3,Vanilla,5 months ago
777th,floonf,56m 15s 462ms,55m 32s 200ms,1.16.1,Easy,F3,Vanilla,3 weeks ago
778th,PhysicsBonaFide,55m 36s,55m 36s,1.16.1,Normal,F3,Vanilla,4 months ago
779th,Galoh,55m 17s 017ms,55m 37s 005ms,1.16.1,Easy,F3,Vanilla,1 month ago
780th,Zick407,55m 46s,55m 46s,1.16.1,Normal,F3,Vanilla,5 months ago
781st,megamaas69,55m 58s 024ms,55m 53s 035ms,1.16.1,Easy,F3,Vanilla,1 month ago
782nd,goseenanan,55m 57s,55m 55s,1.16.1,Normal,F3,Vanilla,1 month ago
783rd,Darth_Zo,56m 33s,55m 56s,1.16.1,Easy,F3,JellySquid,3 weeks ago
784th,ericsong19988,56m 21s 022ms,55m 56s 006ms,1.16.1,Easy,F3,Vanilla,2 months ago
785th,vrroy,56m 07s 617ms,56m 07s 617ms,1.16.1,Easy,F3,Vanilla,4 weeks ago
786th,JKtrue,56m 10s,56m 10s,1.16.1,Normal,F3,Optifine,5 months ago
787th,Natertater534,56m 11s,56m 11s,1.16.1,Normal,,Vanilla,6 months ago
788th,ShootingGoats,56m 11s 010ms,56m 11s 010ms,1.16.1,Normal,F3,Vanilla,4 months ago
789th,matyjsoubozi,56m 11s 076ms,56m 11s 076ms,1.16.1,Normal,F3,Vanilla,2 months ago
790th,sirtymoo,56m 14s 280ms,56m 14s 280ms,1.16.1,Easy,F3,JellySquid,3 months ago
791st,Bobsen2k,56m 15s 029ms,56m 15s 029ms,1.16.1,Easy,F3,Vanilla,2 months ago
792nd,NootNToot,56m 21s 770ms,56m 21s 770ms,1.16.4,Normal,No F3,Vanilla,1 month ago
793rd,Jeremy7228,56m 30s 830ms,56m 24s 750ms,1.16.1,Easy,F3,Vanilla,2 months ago
794th,Australia,56m 30s,56m 30s,1.16.1,Easy,F3,Optifine,4 months ago
795th,NeoHere,56m 30s 065ms,56m 30s 065ms,1.16.1,Normal,F3,Vanilla,1 month ago
796th,Fuzzykityz,57m 28s 049ms,56m 39s 065ms,1.16.1,Easy,F3,Vanilla,2 months ago
797th,Mrhv,56m 46s,56m 46s,1.16,Normal,F3,Vanilla,3 months ago
798th,Wire,56m 50s,56m 50s,1.16.1,Easy,F3,Vanilla,1 month ago
799th,Chetoos23,56m 59s 250ms,56m 55s 042ms,1.16.1,Easy,F3,Vanilla,3 weeks ago
800th,owtaCTRL,57m 03s,56m 57s,1.16.1,Normal,F3,Vanilla,5 months ago
801st,aims,57m 06s,56m 58s,1.16.1,Easy,F3,Vanilla,5 months ago
802nd,seally,57m 04s 260ms,57m 04s 260ms,1.16.1,Normal,F3,Vanilla,5 months ago
803rd,UselessToast,57m 05s 053ms,57m 05s 053ms,1.16.3,Normal,,Vanilla,3 months ago
804th,Jirka_CZ25,57m 07s 026ms,57m 07s 026ms,1.16,Easy,F3,Vanilla,2 months ago
805th,CrickMc,57m 12s 092ms,57m 12s 092ms,1.16.1,Easy,F3,JellySquid,2 months ago
806th,sammysignal,57m 27s 100ms,57m 27s 100ms,1.16.1,Easy,F3,Vanilla,2 months ago
807th,Operam,57m 31s 071ms,57m 31s 071ms,1.16.1,Normal,F3,Vanilla,4 months ago
808th,McOne,57m 49s 021ms,57m 36s,1.16.1,Normal,F3,Vanilla,5 months ago
809th,DarkblueCG,57m 40s 071ms,57m 39s 085ms,1.16.1,Easy,F3,Vanilla,2 months ago
810th,Haroon_Chan,57m 39s 150ms,57m 39s 150ms,1.16.1,Easy,F3,Vanilla,1 month ago
811th,Rubius,57m 51s 031ms,57m 51s 031ms,1.16.1,Easy,F3,Vanilla,2 months ago
812th,HungrySheep,1h 00m 21s 530ms,57m 59s 750ms,1.16.1,Easy,F3,Vanilla,2 months ago
813th,ski5,1h 03m 30s,58m 00s,1.16.3,Easy,F3,Vanilla,2 months ago
814th,AxyTo,58m 00s 022ms,58m 00s 022ms,1.16.3,Easy,F3,Vanilla,2 months ago
815th,Fomka_Wyverno,58m 13s 068ms,58m 13s 068ms,1.16.1,Easy,F3,JellySquid,4 months ago
816th,Brinbobia,58m 17s 046ms,58m 17s 046ms,1.16.1,Normal,F3,Vanilla,2 months ago
817th,NoseQ,58m 45s 890ms,58m 19s 100ms,1.16.1,Normal,F3,Vanilla,2 months ago
818th,Kyrzer,58m 26s,58m 26s,1.16.1,Easy,F3,JellySquid,5 months ago
819th,GapsMN,58m 19s 086ms,58m 26s 200ms,1.16.1,Easy,F3,JellySquid,3 weeks ago
820th,nebs,58m 29s 095ms,58m 29s 095ms,1.16.1,Easy,F3,JellySquid,2 months ago
821st,hewon,58m 39s 087ms,58m 39s 090ms,1.16.3,Easy,F3,Vanilla,2 months ago
822nd,daviddotorg,58m 40s 081ms,58m 40s 081ms,1.16.1,Easy,F3,Vanilla,2 months ago
823rd,thenoochm,58m 42s 020ms,58m 41s 020ms,1.16.2,Easy,F3,Vanilla,4 months ago
824th,Hardnaud,58m 48s 071ms,58m 48s 071ms,1.16.1,Easy,F3,Vanilla,4 months ago
825th,RustyGoldGaming,58m 49s,58m 49s,1.16.1,Normal,F3,Vanilla,1 month ago
826th,NiceDinoMan,58m 58s 070ms,58m 51s 070ms,1.16.1,Easy,F3,Vanilla,3 weeks ago
827th,poke_,58m 54s 098ms,58m 53s 090ms,1.16.1,Easy,F3,JellySquid,3 months ago
828th,Penguinplayz,58m 55s,58m 54s,1.16.1,Normal,F3,Vanilla,5 months ago
829th,AlphaRW,58m 55s,58m 55s,1.16.1,Easy,F3,Vanilla,5 months ago
830th,Gianni135,1h 00m 00s,58m 57s 085ms,1.16.1,Easy,F3,JellySquid,1 week ago
831st,Galileii,59m 06s,59m 06s,1.16.3,Easy,F3,JellySquid,2 months ago
832nd,Perplexus319,59m 06s 042ms,59m 06s 042ms,1.16.1,Normal,F3,JellySquid,5 months ago
833rd,Shafin,59m 49s,59m 10s 700ms,1.16.1,Easy,F3,JellySquid,4 weeks ago
834th,tobeee,59m 11s,59m 11s,1.16.1,Easy,F3,Vanilla,1 month ago
835th,Piko72,59m 26s,59m 22s,1.16.1,Normal,F3,JellySquid,5 months ago
836th,bussa_boss,1h 00m 02s 083ms,59m 25s 650ms,1.16.1,Normal,F3,Optifine,5 months ago
837th,TBGG,59m 54s 920ms,59m 54s 920ms,1.16.1,Easy,F3,JellySquid,1 month ago
838th,OtoCill,59m 56s,59m 56s,1.16.1,Normal,F3,Optifine,4 months ago
839th,Skeletonman40,59m 58s 014ms,59m 58s 014ms,1.16.1,Easy,F3,Vanilla,2 months ago
840th,KingDoesThings,1h 00m 00s 007ms,1h 00m 00s 007ms,1.16.3,Normal,F3,Vanilla,2 months ago
841st,haz,1h 01m 51s 180ms,1h 00m 03s 350ms,1.16.1,Easy,F3,JellySquid,2 months ago
842nd,Dy1anator,1h 00m 05s 004ms,1h 00m 05s 004ms,1.16.1,Normal,F3,Vanilla,6 months ago
843rd,ayybaddon,1h 00m 12s 810ms,1h 00m 11s 950ms,1.16.1,Easy,F3,Vanilla,2 months ago
844th,PainDesu,1h 00m 45s,1h 00m 45s,1.16.1,Normal,F3,Vanilla,5 months ago
845th,GREIGAMES,1h 00m 47s 820ms,1h 00m 47s 820ms,1.16.1,Normal,F3,Vanilla,5 months ago
846th,Goodshottta,1h 00m 51s,1h 00m 51s,1.16.1,Normal,F3,Vanilla,4 months ago
847th,OrangeDec,1h 01m 03s,1h 01m 01s,1.16.1,Normal,F3,Optifine,5 months ago
848th,blize,1h 01m 02s,1h 01m 02s,1.16.1,Easy,F3,Optifine,5 months ago
849th,Faqacy,1h 01m 14s,1h 01m 14s,1.16.1,Normal,F3,Optifine,4 months ago
850th,Zaythorr,1h 02m 50s 016ms,1h 01m 27s 030ms,1.16.1,Normal,F3,JellySquid,2 months ago
851st,Dorin,1h 01m 28s 350ms,1h 01m 28s 350ms,1.16.1,Normal,F3,Vanilla,1 month ago
852nd,otaviobia,1h 02m 00s 240ms,1h 01m 35s 650ms,1.16.1,Easy,F3,JellySquid,3 weeks ago
853rd,Falseness,1h 02m 23s,1h 01m 39s,1.16.1,Normal,F3,Vanilla,5 months ago
854th,Pehnk,1h 01m 59s,1h 01m 48s,1.16.1,Normal,F3,Vanilla,5 months ago
855th,Scrudgie,1h 02m 05s,1h 01m 53s,1.16.1,Normal,F3,Vanilla,3 months ago
856th,_CMS,1h 01m 54s,1h 01m 54s,1.16.1,Easy,F3,Vanilla,2 months ago
857th,LemurYT,1h 01m 54s 250ms,1h 01m 54s 250ms,1.16.1,Easy,F3,Vanilla,2 weeks ago
858th,TTVlandxn30,1h 01m 54s 069ms,1h 01m 55s 003ms,1.16.1,Easy,F3,Vanilla,3 months ago
859th,SergioWott,1h 02m 02s,1h 02m 02s,1.16.1,Easy,F3,Vanilla,2 months ago
860th,Prrism,1h 02m 12s 370ms,1h 02m 12s 370ms,1.16.3,Normal,F3,Vanilla,3 months ago
861st,SrDaxta,1h 02m 17s,1h 02m 17s,1.16.1,Normal,F3,JellySquid,2 months ago
862nd,kakratka,1h 02m 32s 700ms,1h 02m 32s 700ms,1.16.1,Normal,F3,Vanilla,4 months ago
863rd,BrookeB07,1h 02m 38s 049ms,1h 02m 38s 049ms,1.16.1,Easy,F3,Vanilla,4 months ago
864th,Lobstar,1h 02m 52s,1h 02m 52s,1.16.1,Normal,F3,Optifine,5 months ago
865th,Zruler6,1h 03m 45s 010ms,1h 02m 59s 025ms,1.16.1,Easy,F3,Vanilla,1 month ago
866th,limoner,1h 03m 12s 300ms,1h 03m 12s 300ms,1.16.1,Easy,F3,Vanilla,6 months ago
867th,JoonFsh,1h 03m 15s 037ms,1h 03m 15s 037ms,1.16.1,Normal,F3,Vanilla,2 months ago
868th,Bradleyyy,1h 03m 44s 043ms,1h 03m 37s 055ms,1.16.1,Easy,F3,JellySquid,2 months ago
869th,neboblako,1h 03m 39s,1h 03m 39s,1.16.1,Normal,F3,JellySquid,4 months ago
870th,Chanxer,1h 03m 40s 033ms,1h 03m 40s 033ms,1.16.1,Easy,F3,Vanilla,2 months ago
871st,nodnarbiscool,1h 03m 46s 000ms,1h 03m 46s 000ms,1.16.1,Normal,F3,Vanilla,5 months ago
872nd,PauseUnpause,1h 03m 55s 080ms,1h 03m 55s 080ms,1.16.1,Easy,F3,Vanilla,2 months ago
873rd,CaptainPogg,1h 03m 56s 070ms,1h 03m 56s 070ms,1.16.2,Easy,F3,JellySquid,1 month ago
874th,waermelown,1h 08m 04s,1h 04m 02s,1.16,Normal,F3,Vanilla,1 month ago
875th,DudiHaas,1h 04m 34s 068ms,1h 04m 06s 065ms,1.16.1,Normal,F3,Vanilla,5 months ago
876th,TinyPepito,1h 04m 06s 771ms,1h 04m 07s 750ms,1.16.1,Hardcore,F3,Vanilla,3 months ago
877th,ophop2,1h 04m 24s,1h 04m 12s,1.15.2,Easy,F3,Vanilla,3 weeks ago
878th,Loefars,1h 04m 12s 030ms,1h 04m 12s 030ms,1.16.1,Normal,F3,JellySquid,3 weeks ago
879th,Soice,1h 04m 27s,1h 04m 17s,1.16.2,Normal,F3,JellySquid,4 months ago
880th,daniotrix,1h 04m 24s,1h 04m 24s,1.16.3,Normal,F3,Vanilla,3 months ago
881st,LlamaCheese,1h 04m 29s,1h 04m 29s,1.16.1,Normal,F3,Vanilla,5 months ago
882nd,Juniper,1h 04m 41s,1h 04m 41s,1.16.1,Easy,F3,JellySquid,2 months ago
883rd,ZONEcold,1h 04m 43s 041ms,1h 04m 43s 041ms,1.16.1,Easy,F3,Vanilla,2 months ago
884th,fingeon27,1h 04m 51s,1h 04m 43s 800ms,1.16.1,Normal,F3,Vanilla,5 months ago
885th,_mrfasT_YT,1h 06m 26s,1h 04m 55s 018ms,1.16.1,Normal,,Vanilla,2 months ago
886th,Fartguy,1h 05m 07s,1h 05m 07s,1.16.1,Normal,F3,Optifine,5 months ago
887th,Vortexx,1h 05m 17s,1h 05m 17s,1.16.1,Easy,F3,Optifine,5 months ago
888th,ItsLenny,1h 05m 22s,1h 05m 24s,1.16.1,Normal,F3,JellySquid,4 months ago
889th,CinnamonChurro,1h 05m 34s,1h 05m 34s,1.16.1,Normal,F3,Optifine,5 months ago
890th,ElonMask,1h 06m 04s 180ms,1h 05m 44s 550ms,1.16.1,Normal,F3,Vanilla,3 months ago
891st,oaph,1h 05m 47s,1h 05m 47s,1.16.1,Normal,F3,Vanilla,6 months ago
892nd,Smelino,1h 06m 09s,1h 05m 54s,1.16.4,Easy,F3,Vanilla,1 month ago
893rd,Duccy,1h 06m 11s 015ms,1h 05m 59s 040ms,1.16.1,Easy,F3,Vanilla,1 month ago
894th,infernohalo,1h 06m 15s 080ms,1h 06m 02s 015ms,1.16.1,Normal,No F3,Vanilla,5 months ago
895th,Ozmeyham,1h 08m 20s 440ms,1h 06m 33s 500ms,1.16.1,Normal,No F3,Vanilla,4 months ago
896th,gustav2649,1h 08m 35s 890ms,1h 06m 36s 500ms,1.16.1,Easy,F3,JellySquid,1 month ago
897th,aoba,1h 06m 49s 100ms,1h 06m 49s 100ms,1.16.1,Normal,F3,JellySquid,1 week ago
898th,Schokay,1h 07m 13s 437ms,1h 07m 00s 250ms,1.16.2,Normal,F3,Vanilla,4 months ago
899th,horseneck,1h 07m 11s,1h 07m 11s,1.16.1,Normal,No F3,Optifine,4 months ago
900th,OldBoyDemon,1h 07m 18s 870ms,1h 07m 18s 870ms,1.16.3,Normal,F3,Vanilla,3 months ago
901st,LimDimSim,1h 08m 48s,1h 07m 33s 900ms,1.16.1,Easy,F3,Vanilla,5 months ago
902nd,Prevter,1h 07m 41s 040ms,1h 07m 41s 040ms,1.16.2,Easy,F3,JellySquid,2 months ago
903rd,olifrys,1h 07m 50s 099ms,1h 07m 47s 020ms,1.16.1,Easy,F3,Vanilla,1 month ago
904th,exd,1h 19m 42s 500ms,1h 07m 50s 300ms,1.16.1,Easy,F3,Vanilla,1 month ago
905th,jamerlmao,1h 07m 59s,1h 07m 59s,1.16.1,Normal,F3,Vanilla,4 months ago
906th,Sethje103,1h 08m 00s,1h 08m 00s,1.16.1,Normal,F3,Vanilla,5 months ago
907th,Xarrow_Gaming,1h 08m 05s 010ms,1h 08m 05s 010ms,1.16.1,Normal,F3,Vanilla,5 months ago
908th,tsu_tsu_cuckoo,1h 08m 23s 181ms,1h 08m 07s,1.16.1,Normal,F3,JellySquid,2 months ago
909th,Manaclaw,1h 08m 25s,1h 08m 12s,1.16.1,Easy,F3,JellySquid,4 months ago
910th,Squeeb256,1h 08m 53s,1h 08m 24s,1.16.2,Easy,F3,Vanilla,4 months ago
911th,GiuLor,1h 08m 30s 920ms,1h 08m 30s 920ms,1.16.1,Easy,F3,Vanilla,3 weeks ago
912th,OzoPolar,,1h 08m 39s 900ms,1.16.1,Easy,F3,Vanilla,6 months ago
913th,SmallRaptor,1h 08m 51s,1h 08m 51s,1.16.1,Easy,F3,Vanilla,4 months ago
914th,Phasidea,1h 08m 51s 074ms,1h 08m 51s 074ms,1.16.1,Easy,F3,Vanilla,1 month ago
915th,MGKTarget,1h 08m 54s,1h 08m 54s,1.16.1,Easy,F3,Vanilla,4 weeks ago
916th,MagicBraden1,1h 09m 19s 049ms,1h 09m 16s 065ms,1.16.1,Easy,F3,Vanilla,2 months ago
917th,Starler12,1h 09m 17s,1h 09m 17s,1.16.1,Normal,F3,Optifine,4 months ago
918th,OutplayedByBoris,1h 13m 12s 050ms,1h 09m 22s 070ms,1.16.1,Easy,F3,JellySquid,3 weeks ago
919th,V1ert,1h 09m 29s 860ms,1h 09m 29s 860ms,1.16.1,Easy,F3,Vanilla,1 month ago
920th,WhoDisz,1h 09m 59s 055ms,1h 09m 59s 055ms,1.16.1,Normal,F3,Vanilla,5 months ago
921st,b00mbah,1h 10m 02s,1h 10m 02s,1.16.1,Normal,F3,Vanilla,5 months ago
922nd,Lawro,1h 10m 11s,1h 10m 03s,1.16.1,Easy,F3,Vanilla,5 months ago
923rd,k3rmit,1h 10m 06s,1h 10m 06s,1.16.1,Easy,F3,Optifine,5 months ago
924th,BlitzAshspear,1h 10m 12s,1h 10m 12s,1.16.1,Easy,F3,Vanilla,3 weeks ago
924th,Highlander2549,1h 10m 28s,1h 10m 12s,1.16.1,Normal,No F3,Optifine,5 months ago
926th,AppleGod,1h 10m 19s 037ms,1h 10m 19s 037ms,1.16.1,Easy,F3,JellySquid,2 months ago
927th,Fundy,1h 10m 21s 046ms,1h 10m 21s 046ms,1.16.1,Hard,F3,Vanilla,2 months ago
928th,mylanjari.,1h 10m 27s,1h 10m 27s,1.16.1,Normal,F3,Vanilla,6 months ago
929th,Mr_Flibble1981,1h 10m 33s,1h 10m 33s,1.16.1,Easy,F3,Vanilla,5 months ago
930th,Imprent,1h 09m 16s 097ms,1h 10m 42s 004ms,1.16.1,Hardcore,F3,JellySquid,2 months ago
931st,LinkTijger,1h 11m 02s 007ms,1h 11m 02s 007ms,1.16.1,Easy,F3,Vanilla,2 months ago
932nd,WhiteSoapstone,1h 11m 20s,1h 11m 20s,1.16.1,Normal,F3,Vanilla,3 months ago
933rd,AmDuck,1h 12m 03s 130ms,1h 11m 26s 250ms,1.16.1,Easy,F3,Vanilla,2 weeks ago
934th,strikewind,1h 11m 42s,1h 11m 42s,1.16.1,Easy,F3,Vanilla,2 weeks ago
935th,Boostbend,1h 11m 56s,1h 11m 56s,1.16.1,Hardcore,F3,Optifine,5 months ago
936th,Gopi,1h 12m 46s 730ms,1h 12m 09s 700ms,1.16.1,Normal,F3,Vanilla,5 months ago
937th,Reloe,1h 12m 18s,1h 12m 18s,1.16.1,Easy,F3,JellySquid,1 month ago
938th,Quantum_,1h 13m 05s 320ms,1h 12m 56s 300ms,1.16.1,Easy,F3,Vanilla,1 month ago
939th,Rwon,1h 13m 04s 830ms,1h 13m 04s 830ms,1.16.1,Normal,F3,Vanilla,5 months ago
940th,LE047,1h 13m 08s 730ms,1h 13m 08s 730ms,1.16.1,Normal,F3,JellySquid,3 weeks ago
941st,Flatbar,1h 13m 09s,1h 13m 09s,1.16.1,Normal,F3,Vanilla,6 months ago
942nd,Bossbot,1h 13m 23s,1h 13m 23s,1.16.1,Normal,No F3,Vanilla,3 months ago
943rd,iJevin,1h 13m 46s 062ms,1h 13m 46s 062ms,1.16.1,Normal,F3,Vanilla,5 months ago
944th,Sekkii,1h 13m 50s 052ms,1h 13m 50s 052ms,1.16.1,Normal,F3,Vanilla,4 months ago
945th,ParkerEditsYT,1h 14m 08s 150ms,1h 14m 07s 200ms,1.16.1,Easy,F3,Vanilla,4 months ago
946th,UserDoesNotExist,1h 14m 16s,1h 14m 16s,1.16.4,Normal,F3,Vanilla,2 weeks ago
947th,dxnger,1h 14m 44s 011ms,1h 14m 44s 011ms,1.16.3,Normal,F3,Vanilla,2 months ago
948th,SheepBoy25262,1h 15m 06s,1h 15m 06s,1.16.1,Easy,F3,Vanilla,3 months ago
949th,Toto,1h 15m 26s 082ms,1h 15m 13s 090ms,1.16.4,Normal,F3,Vanilla,1 month ago
950th,grabage,1h 15m 33s 700ms,1h 15m 24s 600ms,1.16.1,Normal,F3,JellySquid,2 months ago
951st,MatterM,1h 15m 27s,1h 15m 27s,1.16.1,Normal,No F3,Optifine,6 months ago
952nd,Jb3403,1h 15m 55s,1h 15m 55s,1.16.1,Normal,F3,Optifine,6 months ago
953rd,Tev178,1h 15m 56s 740ms,1h 15m 56s 740ms,1.16.1,Easy,F3,Vanilla,2 months ago
954th,mAnyL,1h 16m 37s 075ms,1h 16m 37s 075ms,1.16.1,Normal,F3,Vanilla,5 months ago
955th,Fabito,1h 16m 38s 270ms,1h 16m 37s 300ms,1.16.1,Easy,F3,JellySquid,2 months ago
956th,Werewolf8_8,1h 17m 08s 068ms,1h 16m 48s,1.16.2,Normal,F3,Vanilla,4 months ago
957th,Pol4,1h 16m 49s 517ms,1h 16m 49s 517ms,1.16.4,Easy,F3,Vanilla,1 month ago
958th,CapPieSon,1h 16m 51s,1h 16m 51s,1.16.1,Easy,F3,JellySquid,4 months ago
959th,DAsh,1h 17m 21s 340ms,1h 17m 11s 400ms,1.16.1,Easy,F3,JellySquid,3 weeks ago
960th,LocutusOfNord,1h 17m 28s,1h 17m 17s,1.16.1,Normal,F3,Vanilla,3 months ago
961st,con_0805,1h 18m 09s 770ms,1h 17m 27s 400ms,1.16.1,Easy,F3,Vanilla,5 months ago
962nd,InTol,1h 17m 42s 679ms,1h 17m 36s 330ms,1.16.1,Normal,F3,Vanilla,6 months ago
963rd,MehmoTheReal,1h 21m 14s 400ms,1h 17m 49s 400ms,1.16.1,Normal,F3,JellySquid,2 months ago
964th,truesh00ter,1h 20m 26s 250ms,1h 17m 56s 600ms,1.16.1,Easy,F3,JellySquid,3 months ago
965th,LegendaryGW,1h 18m 59s 077ms,1h 18m 43s 014ms,1.16.3,Normal,F3,Vanilla,2 months ago
966th,aqts,1h 18m 45s 490ms,1h 18m 43s 550ms,1.16.1,Easy,F3,Vanilla,4 months ago
967th,MrXboxdylan,1h 18m 51s 020ms,1h 18m 51s 020ms,1.16.1,Easy,F3,Vanilla,1 month ago
968th,roel_bellemans,1h 19m 07s 043ms,1h 19m 07s 046ms,1.16.1,Easy,F3,Vanilla,2 months ago
969th,Yumii,1h 19m 25s 080ms,1h 19m 23s 095ms,1.16.1,Normal,F3,JellySquid,4 months ago
970th,Traintle,1h 19m 46s,1h 19m 30s,1.16.1,Normal,F3,Vanilla,5 months ago
971st,Chrazzers,1h 19m 31s,1h 19m 31s,1.16.1,Easy,F3,Vanilla,3 months ago
972nd,TomFaux,1h 19m 32s 008ms,1h 19m 32s 008ms,1.16.1,Easy,F3,Vanilla,2 months ago
973rd,TheWeatherman,1h 20m 18s 660ms,1h 19m 37s 600ms,1.16.1,Easy,F3,Vanilla,1 month ago
974th,PsychoMantis610,1h 20m 55s,1h 19m 52s,1.16.1,Easy,No F3,Vanilla,4 weeks ago
975th,Sleepyhead08,1h 19m 56s 077ms,1h 19m 56s 077ms,1.16.1,Easy,F3,Vanilla,1 month ago
976th,DomianosPizza,1h 20m 04s 039ms,1h 20m 02s 085ms,1.16.1,Normal,F3,Vanilla,5 months ago
977th,Neegative,1h 20m 04s,1h 20m 04s,1.16.1,Normal,F3,Vanilla,5 months ago
978th,SafetyDad,1h 20m 30s,1h 20m 06s,1.16.1,Easy,F3,Optifine,5 months ago
979th,kittenSnuggler,1h 20m 07s,1h 20m 07s,1.16.3,Normal,F3,Vanilla,3 months ago
980th,catfuryruin,1h 20m 43s 005ms,1h 20m 21s 055ms,1.16.1,Easy,F3,Vanilla,5 months ago
981st,ZombieKing,1h 20m 22s 066ms,1h 20m 22s 066ms,1.16.1,Normal,No F3,Vanilla,6 months ago
982nd,2BearsAtNoxus,1h 20m 49s 710ms,1h 20m 31s 550ms,1.16.1,Easy,F3,JellySquid,3 months ago
983rd,TheOtaku,1h 20m 47s,1h 20m 47s,1.16.1,Normal,F3,Vanilla,5 months ago
984th,BoxOfCandys,1h 21m 10s,1h 21m 10s,1.16.1,Easy,F3,Optifine,5 months ago
985th,ichessebume,1h 21m 20s,1h 21m 20s,1.16.1,Easy,F3,Vanilla,4 months ago
986th,JayWhatAgain,1h 21m 31s 750ms,1h 21m 46s 800ms,1.16.1,Easy,F3,Vanilla,1 month ago
987th,rocko__tfm,1h 21m 48s 220ms,1h 21m 48s 220ms,1.16.1,Easy,F3,Vanilla,6 months ago
988th,n8bnsn,1h 22m 53s 074ms,1h 22m 53s 074ms,1.16.4,Easy,F3,JellySquid,1 month ago
989th,JarOfJam,1h 23m 56s 383ms,1h 23m 56s 383ms,1.16.1,Easy,F3,Vanilla,2 weeks ago
990th,miczysss_PL,1h 24m 11s,1h 24m 11s,1.16.1,Normal,No F3,Vanilla,5 months ago
991st,Passi_Live,1h 24m 52s 043ms,1h 24m 33s 043ms,1.16.1,Normal,F3,Vanilla,5 months ago
992nd,Shivaxi,1h 25m 00s,1h 25m 00s,1.16.1,Easy,F3,Vanilla,5 months ago
993rd,maxmarsden,1h 25m 49s 340ms,1h 25m 32s 750ms,1.16.1,Normal,F3,Vanilla,3 months ago
994th,CamNewton786,1h 25m 38s 600ms,1h 25m 38s 600ms,1.16.1,Easy,F3,Vanilla,1 week ago
995th,EnzoAM1723,1h 25m 48s 015ms,1h 25m 48s 015ms,1.16.1,Normal,F3,Vanilla,4 months ago
996th,HasonShita,1h 25m 51s,1h 25m 51s,1.16.1,Normal,F3,Vanilla,4 months ago
997th,Me_Gusta_Pog,1h 25m 57s 550ms,1h 25m 57s 550ms,1.16.1,Normal,F3,Vanilla,2 weeks ago
998th,Stolenfaun,1h 26m 03s,1h 26m 03s,1.16.1,Easy,F3,Optifine,5 months ago
999th,Vixonine,1h 26m 14s,1h 26m 05s,1.16.1,Normal,F3,Vanilla,5 months ago
1000th,Blizzard_,1h 26m 10s 044ms,1h 26m 08s 050ms,1.16.1,Normal,F3,Vanilla,1 month ago
1001st,BubbleF1sh,1h 29m 34s,1h 26m 17s,1.16,Normal,F3,Vanilla,1 month ago
1002nd,eman826,1h 26m 22s,1h 26m 22s,1.16.1,Easy,F3,JellySquid,1 month ago
1003rd,TreeisaNoob,1h 26m 44s,1h 26m 24s,1.16.3,Normal,,Vanilla,3 months ago
1004th,Unbewitched,1h 27m 37s 067ms,1h 27m 26s 070ms,1.16.1,Easy,F3,JellySquid,2 months ago
1005th,TheIrksomeSheep,1h 47m 09s 054ms,1h 27m 41s 050ms,1.16.3,Normal,F3,Vanilla,3 months ago
1006th,jpokemon,1h 29m 41s 010ms,1h 28m 32s 500ms,1.16.3,Normal,F3,Vanilla,2 months ago
1007th,neemaque,1h 28m 47s 020ms,1h 28m 47s 020ms,1.16.1,Normal,F3,Optifine,4 months ago
1008th,menackni,1h 29m 22s 075ms,1h 28m 48s 085ms,1.16.3,Easy,F3,JellySquid,2 months ago
1009th,Chikorita,1h 29m 16s 380ms,1h 29m 16s 380ms,1.16.4,Easy,F3,Vanilla,1 month ago
1010th,TyPier,1h 29m 47s 085ms,1h 29m 47s 085ms,1.16.1,Easy,F3,JellySquid,2 months ago
1011th,squeeked,1h 30m 18s,1h 30m 18s,1.16.1,Normal,F3,JellySquid,5 months ago
1012th,prowiththeflow,1h 30m 47s,1h 30m 34s,1.16.1,Normal,F3,Optifine,5 months ago
1013th,Unioto,1h 31m 49s,1h 30m 36s,1.16.2,Normal,F3,Vanilla,4 months ago
1014th,Avrelian,1h 31m 21s 440ms,1h 31m 07s,1.16.1,Easy,F3,Vanilla,3 months ago
1015th,Ethangle,1h 31m 30s,1h 31m 09s,1.16.1,Easy,F3,JellySquid,3 months ago
1016th,MickeySpoonK,1h 31m 09s 064ms,1h 31m 09s 064ms,1.16.1,Normal,No F3,Vanilla,5 months ago
1017th,T_Saki,1h 31m 11s,1h 31m 11s,1.16.1,Normal,No F3,Vanilla,6 months ago
1018th,Andwinn,1h 31m 15s,1h 31m 15s,1.16,Easy,F3,Vanilla,1 month ago
1019th,mrrainbowcat,1h 31m 16s 024ms,1h 31m 16s 024ms,1.16.1,Normal,No F3,Vanilla,2 months ago
1020th,MultiMaxi,1h 31m 17s 085ms,1h 31m 17s,1.16.1,Easy,No F3,Vanilla,2 months ago
1021st,Dracanio,1h 38m 27s 024ms,1h 31m 25s 015ms,1.16.1,Easy,F3,Vanilla,2 months ago
1022nd,guido_tarantino,1h 31m 38s,1h 31m 38s,1.16.1,Easy,F3,Optifine,5 months ago
1023rd,Talon3x,1h 31m 39s,1h 31m 39s,1.16.1,Normal,F3,Optifine,5 months ago
1024th,azzykyoto,1h 32m 48s,1h 32m 45s,1.16.1,Easy,F3,Vanilla,2 weeks ago
1025th,Burnflare225,1h 34m 29s 044ms,1h 33m 01s 080ms,1.16.1,Easy,F3,Vanilla,2 months ago
1026th,Int5,1h 33m 12s 034ms,1h 33m 12s 034ms,1.16.1,Easy,F3,Vanilla,1 week ago
1027th,Maceo,1h 33m 13s 617ms,1h 33m 13s 617ms,1.16.1,Normal,F3,Vanilla,3 weeks ago
1028th,WaterNinja,1h 33m 42s,1h 33m 16s,1.16.1,Easy,F3,Vanilla,1 month ago
1029th,Izckk_,1h 33m 37s,1h 33m 37s,1.16.1,Normal,F3,Optifine,5 months ago
1030th,patrck,1h 33m 39s,1h 33m 39s,1.16.1,Easy,F3,JellySquid,3 months ago
1031st,bn3bwld3,1h 34m 11s 002ms,1h 33m 47s 900ms,1.16.3,Easy,F3,Vanilla,3 months ago
1032nd,Jegovila,1h 33m 55s 078ms,1h 33m 55s 078ms,1.16.1,Easy,F3,Vanilla,2 months ago
1033rd,Default_Nano,1h 34m 57s 047ms,1h 33m 57s 065ms,1.16.1,Normal,F3,Vanilla,1 month ago
1034th,GasaiSenpai,1h 34m 15s 016ms,1h 34m 15s 016ms,1.16.1,Normal,F3,Vanilla,5 months ago
1035th,Smugy,1h 34m 54s 015ms,1h 34m 19s 050ms,1.16.1,Easy,F3,Vanilla,2 months ago
1036th,Anzushi,1h 34m 22s,1h 34m 22s,1.16.1,Normal,F3,Optifine,4 months ago
1037th,ezekiel,1h 35m 13s 478ms,1h 34m 26s 900ms,1.16.1,Easy,F3,JellySquid,4 weeks ago
1038th,Truman,1h 35m 14s 034ms,1h 34m 33s 065ms,1.16.1,Easy,F3,Vanilla,2 months ago
1039th,Pyroblast,1h 34m 41s,1h 34m 41s,1.16.4,Normal,F3,Vanilla,1 month ago
1040th,Eggbrutiss,1h 35m 06s,1h 34m 48s,1.16.1,Easy,F3,Vanilla,5 months ago
1041st,Optical_,1h 35m 14s 098ms,1h 35m 07s 090ms,1.16.1,Easy,F3,JellySquid,2 months ago
1042nd,DxddyHxmmy,1h 35m 09s 085ms,1h 35m 09s 085ms,1.16.1,Easy,No F3,Vanilla,4 months ago
1043rd,Vangsguard,1h 35m 23s 050ms,1h 35m 23s 050ms,1.16.4,Easy,,JellySquid,2 weeks ago
1044th,noahsimcox,1h 37m 25s 009ms,1h 36m 42s 070ms,1.16.1,Easy,F3,Vanilla,2 months ago
1045th,kattah,1h 36m 58s 091ms,1h 36m 57s 061ms,1.16.1,Hard,F3,Vanilla,5 months ago
1046th,BigPapaWesWES,1h 37m 33s,1h 37m 33s,1.16.1,Normal,F3,Vanilla,1 month ago
1047th,JoinedPoppy,1h 38m 05s,1h 38m 05s,1.16.1,Normal,F3,Optifine,4 months ago
1048th,Stuckrath,1h 38m 34s,1h 38m 34s,1.16.1,Normal,F3,JellySquid,1 month ago
1049th,ToyHugs,1h 38m 42s 510ms,1h 38m 42s 510ms,1.16.4,Normal,F3,Vanilla,1 month ago
1050th,Hicore,1h 38m 58s 017ms,1h 38m 58s 017ms,1.16.2,Easy,F3,Vanilla,4 months ago
1051st,BurntBowser,1h 39m 07s 050ms,1h 39m 03s 050ms,1.16.3,Hardcore,F3,Vanilla,2 months ago
1052nd,emzberri,1h 39m 40s,1h 39m 40s,1.16.1,Easy,No F3,Vanilla,1 month ago
1053rd,loachbot,1h 39m 45s,1h 39m 45s,1.16.1,Normal,F3,Vanilla,5 months ago
1054th,Phixel,1h 40m 29s,1h 40m 29s,1.16.1,Normal,F3,Vanilla,5 months ago
1055th,MetaDestroyer,1h 40m 41s 039ms,1h 40m 38s 077ms,1.16.1,Easy,F3,Vanilla,6 months ago
1056th,elenyaR,1h 40m 48s 250ms,1h 40m 48s,1.16.1,Normal,F3,Vanilla,6 months ago
1057th,manjingero,1h 40m 49s 450ms,1h 40m 49s 450ms,1.16.1,Normal,F3,Vanilla,4 months ago
1058th,AlexisVipper,1h 41m 27s 015ms,1h 41m 11s 080ms,1.16.2,Normal,F3,Vanilla,3 months ago
1059th,Aquad,1h 41m 48s,1h 41m 48s,1.16.1,Normal,F3,Vanilla,5 months ago
1060th,Jilly_Jack,1h 42m 19s 003ms,1h 42m 19s 003ms,1.16.1,Easy,F3,Vanilla,3 months ago
1061st,ArctoSpica,1h 42m 34s 033ms,1h 42m 26s 030ms,1.16.1,Normal,F3,Vanilla,2 months ago
1062nd,switchpalacecorner,1h 42m 46s 066ms,1h 42m 44s 065ms,1.16.1,Easy,F3,Vanilla,2 months ago
1063rd,khaled107,1h 43m 11s 270ms,1h 43m 11s 270ms,1.16.4,Normal,F3,Vanilla,1 month ago
1064th,EdHeadSR,1h 46m 59s 560ms,1h 43m 43s 450ms,1.16.1,Easy,F3,Vanilla,3 months ago
1065th,BigBearGDD,1h 43m 52s 450ms,1h 43m 52s 450ms,1.16.1,Easy,F3,Vanilla,1 month ago
1066th,talmanau,1h 44m 11s,1h 44m 05s,1.16.1,Normal,No F3,JellySquid,4 months ago
1067th,astronoughtt,1h 44m 09s 076ms,1h 44m 08s 075ms,1.16.1,Easy,No F3,Vanilla,2 months ago
1068th,Bobuxo,1h 44m 15s 018ms,1h 44m 15s 018ms,1.16.3,Easy,,Vanilla,2 months ago
1069th,CubicHedgehog_,1h 44m 39s 096ms,1h 44m 39s 096ms,1.16.3,Normal,F3,Vanilla,2 months ago
1070th,Gampis,1h 45m 14s,1h 45m 14s,1.16.3,Easy,F3,Vanilla,2 months ago
1071st,Mycornia,1h 45m 54s 018ms,1h 45m 50s 060ms,1.16.1,Easy,F3,Vanilla,3 months ago
1072nd,So_Disappointed,1h 47m 00s,1h 46m 57s,1.16.4,Easy,F3,Vanilla,2 months ago
1073rd,TheTactician,1h 47m 11s 710ms,1h 47m 11s 710ms,1.16.1,Easy,F3,Vanilla,3 weeks ago
1074th,BucketJon,1h 47m 29s,1h 47m 29s,1.16.4,Easy,,Vanilla,2 weeks ago
1075th,drakesterbacon,1h 47m 30s 049ms,1h 47m 30s,1.16.1,Normal,F3,Vanilla,5 months ago
1076th,Smo0thyy,1h 49m 13s,1h 48m 13s,1.16.1,Hard,F3,Optifine,4 months ago
1077th,winterceleste,1h 48m 14s,1h 48m 14s,1.16.1,Easy,F3,Vanilla,2 months ago
1078th,Pandarhz,1h 49m 23s,1h 49m 39s,1.16.4,Normal,F3,Vanilla,1 month ago
1079th,Verelya,1h 49m 43s,1h 49m 43s,1.16.3,Easy,F3,Vanilla,3 months ago
1080th,MortySmith,1h 50m 06s,1h 50m 06s,1.16.1,Normal,F3,Optifine,4 months ago
1081st,Gambler_Price,1h 56m 32s,1h 50m 24s,1.16.1,Easy,F3,Vanilla,4 weeks ago
1082nd,JoannaPlaysMC,1h 51m 29s,1h 51m 29s,1.16.1,Normal,No F3,Vanilla,4 months ago
1083rd,cratt0,1h 51m 46s,1h 51m 46s,1.16.1,Normal,F3,Vanilla,3 months ago
1084th,rocko7927,1h 52m 05s,1h 52m 05s,1.6.1,Easy,F3,Optifine,2 months ago
1085th,Brandosnacks,1h 52m 11s,1h 52m 11s,1.16.1,Easy,F3,Optifine,4 months ago
1086th,Skyline0179,1h 52m 45s,1h 52m 45s,1.16.1,Easy,,Vanilla,1 month ago
1087th,Not_Weeg,1h 53m 29s,1h 53m 26s,1.16.3,Easy,F3,Vanilla,2 months ago
1088th,2wu,1h 30m 58s 028ms,1h 53m 33s,1.16.3,Easy,F3,JellySquid,2 months ago
1089th,Erickz,1h 53m 39s 073ms,1h 53m 39s 073ms,1.16.1,Normal,F3,Optifine,5 months ago
1090th,Sopeamy,1h 53m 54s 027ms,1h 53m 54s 027ms,1.16.1,Normal,F3,Vanilla,5 months ago
1091st,R1712,1h 54m 17s,1h 53m 59s,1.16.1,Normal,F3,Optifine,5 months ago
1092nd,MrNorm,1h 54m 12s,1h 54m 12s,1.16.1,Normal,F3,Vanilla,6 months ago
1093rd,Mentalys,1h 55m 09s 084ms,1h 55m 09s 084ms,1.16.4,Normal,F3,Vanilla,1 month ago
1094th,jakeplate,1h 55m 15s 830ms,1h 55m 15s 830ms,1.16.1,Normal,F3,Vanilla,2 weeks ago
1095th,neosccv,1h 56m 27s 096ms,1h 55m 32s 500ms,1.16.4,Normal,F3,Vanilla,2 weeks ago
1096th,Wortax15,1h 57m 06s,1h 57m 06s,1.16,Normal,F3,Vanilla,5 months ago
1097th,MuricanDoggo,1h 57m 58s,1h 57m 58s,1.16.1,Normal,F3,Optifine,5 months ago
1098th,gasspy,1h 59m 09s 440ms,1h 59m 09s 440ms,1.16.4,Normal,,Vanilla,1 month ago
1099th,LaykaBoss,2h 00m 00s,1h 59m 56s,1.16.1,Normal,F3,Vanilla,5 months ago
1100th,Cadenzar2,2h 00m 13s,2h 00m 00s,1.16.1,Normal,F3,Vanilla,4 months ago
1101st,AGreninja101,2h 00m 33s 670ms,2h 00m 26s 300ms,1.16.1,Easy,F3,Vanilla,2 weeks ago
1102nd,47noodles,2h 00m 47s 220ms,2h 00m 47s 220ms,1.16.1,Easy,F3,Vanilla,2 months ago
1103rd,VideoGameRobo,2h 04m 28s,2h 01m 28s 036ms,1.16.1,Easy,F3,Vanilla,2 months ago
1104th,C0lumbus,2h 04m 12s,2h 04m 12s,1.16.1,Normal,F3,Vanilla,5 months ago
1105th,zacharys01,2h 06m 35s 019ms,2h 06m 33s 040ms,1.16.3,Easy,F3,Vanilla,2 months ago
1106th,dozkon,2h 07m 07s 062ms,2h 07m 07s 062ms,1.16.3,Easy,F3,Vanilla,3 months ago
1107th,serpal__,2h 09m 11s 310ms,2h 09m 06s 250ms,1.16.1,Normal,F3,Vanilla,5 months ago
1108th,MKRhere,2h 12m 37s 000ms,2h 12m 06s 000ms,1.16.1,Normal,F3,JellySquid,1 week ago
1109th,kidboo377,2h 13m 26s 999ms,2h 13m 29s 999ms,1.16.4,Easy,F3,Vanilla,1 month ago
1110th,gayannabeth,2h 14m 46s,2h 14m 46s,1.16.4,Easy,No F3,Vanilla,1 month ago
1111th,C7jani,2h 18m 28s 062ms,2h 17m 52s 030ms,1.16.3,Easy,F3,Vanilla,2 months ago
1112th,Haphax,2h 20m 09s,2h 18m 13s 066ms,1.16.4,Normal,No F3,Vanilla,1 month ago
1113th,DatKaktuz,2h 20m 19s,2h 19m 51s,1.16.2,Easy,F3,Vanilla,2 months ago
1114th,cinika1YT,2h 24m 51s,2h 24m 51s,1.16.1,Normal,No F3,Vanilla,4 months ago
1115th,archer346,2h 31m 09s,2h 31m 09s,1.16.1,Easy,F3,Vanilla,5 months ago
1116th,Mikulus,2h 37m 36s 470ms,2h 37m 36s 470ms,1.16.4,Easy,F3,Vanilla,1 month ago
1117th,Crypt1c587,2h 44m 12s,2h 43m 00s,1.16.3,Easy,F3,Vanilla,2 months ago
1118th,Skessy,2h 48m 19s 068ms,2h 48m 19s 068ms,1.16.3,Normal,F3,Vanilla,2 months ago
1119th,somerandomguy1181,2h 58m 51s,2h 58m 51s,1.16.1,Hardcore,F3,Vanilla,6 months ago
1120th,maud_bellemans,3h 10m 20s,3h 01m 20s,1.16.1,Easy,F3,Vanilla,2 months ago
1121st,mooo0o,3h 07m 45s,3h 07m 45s,1.16.1,Easy,F3,Vanilla,1 week ago
1122nd,StupidLegoPirate,3h 56m 00s 880ms,3h 54m 19s 480ms,1.16.4,Normal,F3,Vanilla,1 month ago
1123rd,Mumu_Didi,5h 22m 00s,5h 22m 00s,1.16.1,Normal,F3,JellySquid,5 months ago
1124th,ProfessorBiggy,6h 15m 31s,6h 14m 24s 023ms,1.16.2,Normal,F3,Vanilla,4 months ago
1125th,Ristain,10h 24m 51s 018ms,10h 22m 14s,1.16.3,Normal,F3,Vanilla,2 months ago
1126th,Myles_Away,21h 11m 48s 030ms,21h 12m 00s,1.16.1,Normal,F3,Vanilla,1 month ago
1127th,ironorr67,2h 21m 14s 004ms,,1.16.4,Normal,,Vanilla,1 month ago
